,Cve_Ent,Cve_Mun,nmun,tmax,tmin,Value
0,1,1,Aguascalientes,28.4,9.83,350
1,1,2,Asientos,27.46,9.84,272
2,1,3,Calvillo,28.88,8.2,540
3,1,4,Cosío,27.45,9.59,854
4,1,5,Jesús María,28.225,11.19,153
5,1,6,Pabellón de Arteaga,27.95,9.68,139
6,1,7,Rincón de Romos,26.87,9.23,342
7,1,8,San José de Gracia,24.6,7.7,930
8,1,9,Tepezalá,28.13,9.91,135
9,1,10,El Llano,27.21,9.96,305
10,1,11,San Francisco de los Romo,28.05,9.79,802
11,2,1,Ensenada,24.38,14.48,239
12,2,2,Mexicali,30.12,18.7,59
13,2,3,Tecate,23.21,11.44,275
14,2,4,Tijuana,25.08,15.3,271
15,2,5,Playas de Rosarito,22.97,17.72,48
16,3,1,Comondú,30.08,17.09,29
17,3,2,Mulegé,26.33,15.1,584
18,3,8,Los Cabos,27.14,16.46,615
19,3,9,Loreto,29.2,13.875,212
20,4,1,Calkiní,32.63,20.91,627
21,4,2,Campeche,33.75,20.39,448
22,4,3,Carmen,31.72,23.94,606
23,4,4,Champotón,34.38,20.44,773
24,4,5,Hecelchakán,33.47,20.57,887
25,4,6,Hopelchén,33.57,19.85,536
26,4,7,Palizada,32.67,23.26,811
27,4,8,Tenabo,33.46,20.61,238
28,4,9,Escárcega,35.12,21.99,79
29,4,10,Calakmul,32.15,19.76,937
30,4,11,Candelaria,34.17,24.38,559
31,5,2,Acuña,24.42,11.68,750
32,5,4,Arteaga,26.205,15.135,236
33,5,5,Candela,25.59,15.57,243
34,5,6,Castaños,24.31,12.79,378
35,5,7,Cuatro Ciénegas,25.75,10.7,815
36,5,8,Escobedo,26.36,14.45,767
37,5,9,Francisco I. Madero,26.01,10.175,47
38,5,10,Frontera,24.69,14.83,785
39,5,11,General Cepeda,24.59,9.26,229
40,5,16,Lamadrid,24.77,11.65,701
41,5,18,Monclova,25.88,14.57,901
42,5,20,Múzquiz,22.11,10.73,94
43,5,21,Nadadores,24.75,12.69,904
44,5,22,Nava,27.75,13.46,191
45,5,24,Parras,26.21,10.31,955
46,5,25,Piedras Negras,27.76,13.1,962
47,5,27,Ramos Arizpe,24.43,11.09,950
48,5,28,Sabinas,26.08,13.98,809
49,5,29,Sacramento,23.11,13.96,770
50,5,30,Saltillo,23.73,8.95,733
51,5,31,San Buenaventura,22.72,10.35,81
52,5,32,San Juan de Sabinas,25.93,12.91,284
53,5,33,San Pedro,26.78,10.46,507
54,5,34,Sierra Mojada,24.03,10.82,88
55,5,35,Torreón,25.3,13.23,97
56,5,36,Viesca,26.9,9.77,278
57,5,37,Villa Unión,26.24,14.75,207
58,6,1,Armería,28.49,20.35,592
59,6,2,Colima,28.29,17.46,705
60,6,3,Comala,26.33,15.25,48
61,6,4,Coquimatlán,28.02,17.83,708
62,6,6,Ixtlahuacán,28.84,18.37,216
63,6,7,Manzanillo,30.07,20.56,680
64,6,9,Tecomán,31.29,21.91,958
65,6,10,Villa de Álvarez,27.3,16.5,289
66,7,1,Acacoyagua,30.4,18.99,993
67,7,2,Acala,26.29,16.63,983
68,7,3,Acapetahua,32.81,23.42,959
69,7,4,Altamirano,26.43,15.76,334
70,7,5,Amatán,26.71,18.0,628
71,7,6,Amatenango de la Frontera,22.95,12.56,223
72,7,7,Amatenango del Valle,24.91,14.79,359
73,7,8,Angel Albino Corzo,24.74,14.89,218
74,7,9,Arriaga,34.2,24.14,358
75,7,10,Bejucal de Ocampo,22.86,11.91,97
76,7,11,Bella Vista,24.93,14.14,37
77,7,12,Berriozábal,24.64,17.54,924
78,7,13,Bochil,23.99,14.47,805
79,7,14,El Bosque,23.85,13.68,363
80,7,15,Cacahoatán,27.64,16.15,730
81,7,16,Catazajá,31.24,23.5,221
82,7,17,Cintalapa,29.98,21.37,309
83,7,18,Coapilla,26.66,16.89,445
84,7,19,Comitán de Domínguez,27.06,17.02,61
85,7,20,La Concordia,26.69,16.94,559
86,7,21,Copainalá,23.67,16.97,847
87,7,22,Chalchihuitán,26.37,13.33,221
88,7,23,Chamula,21.04,11.7,689
89,7,24,Chanal,21.44,11.3,319
90,7,25,Chapultenango,24.07,17.15,701
91,7,26,Chenalhó,25.88,12.9,464
92,7,27,Chiapa de Corzo,26.71,16.77,534
93,7,28,Chiapilla,29.02,19.34,223
94,7,29,Chicoasén,24.49,15.74,391
95,7,30,Chicomuselo,26.75,16.64,319
96,7,31,Chilón,29.3,17.68,115
97,7,32,Escuintla,30.11,18.86,394
98,7,33,Francisco León,26.04,19.38,718
99,7,34,Frontera Comalapa,26.23,16.38,918
100,7,35,Frontera Hidalgo,32.55,21.76,790
101,7,36,La Grandeza,23.44,12.48,665
102,7,37,Huehuetán,32.09,21.99,690
103,7,38,Huixtán,23.79,12.68,326
104,7,39,Huitiupán,27.86,15.84,457
105,7,40,Huixtla,32.33,22.51,830
106,7,41,La Independencia,24.38,15.77,484
107,7,42,Ixhuatán,26.17,15.84,301
108,7,43,Ixtacomitán,27.34,19.51,901
109,7,44,Ixtapa,23.31,14.16,634
110,7,45,Ixtapangajoya,28.39,20.64,234
111,7,46,Jiquipilas,30.93,21.71,227
112,7,47,Jitotol,25.41,13.73,622
113,7,48,Juárez,25.688,15.524,663
114,7,49,Larráinzar,24.48,12.72,668
115,7,50,La Libertad,30.5,23.95,490
116,7,51,Mapastepec,29.64,19.83,118
117,7,52,Las Margaritas,25.7,16.27,163
118,7,53,Mazapa de Madero,23.34,11.77,665
119,7,54,Mazatán,30.155,18.035,76
120,7,55,Metapa,32.34,20.83,838
121,7,56,Mitontic,23.88,11.65,879
122,7,57,Motozintla,26.39,14.82,549
123,7,58,Nicolás Ruíz,27.91,18.85,409
124,7,59,Ocosingo,29.98,19.31,543
125,7,60,Ocotepec,25.06,13.56,689
126,7,61,Ocozocoautla de Espinosa,25.11,18.95,276
127,7,62,Ostuacán,28.68,22.11,515
128,7,63,Osumacinta,25.38,15.99,202
129,7,64,Oxchuc,25.0,13.57,911
130,7,65,Palenque,30.7,22.2,480
131,7,66,Pantelhó,27.98,14.82,961
132,7,67,Pantepec,24.485,17.03,40
133,7,68,Pichucalco,28.94,22.08,39
134,7,69,Pijijiapan,31.11,21.0,310
135,7,70,El Porvenir,24.19,12.71,548
136,7,71,Villa Comaltitlán,32.63,23.19,534
137,7,72,Pueblo Nuevo Solistahuacán,26.16,14.75,280
138,7,73,Rayón,24.65,12.915,381
139,7,74,Reforma,31.04,24.15,420
140,7,75,Las Rosas,27.12,17.73,720
141,7,76,Sabanilla,28.61,17.06,42
142,7,77,Salto de Agua,30.41,20.75,129
143,7,78,San Cristóbal de las Casas,25.05,14.68,397
144,7,79,San Fernando,26.035,18.96,828
145,7,80,Siltepec,25.57,14.05,637
146,7,81,Simojovel,27.27,14.75,754
147,7,82,Sitalá,28.48,15.2,378
148,7,83,Socoltenango,28.27,19.08,448
149,7,84,Solosuchiapa,27.14,17.86,94
150,7,85,Soyaló,24.51,14.97,740
151,7,86,Suchiapa,27.07,17.5,218
152,7,87,Suchiate,31.86,22.91,829
153,7,88,Sunuapa,28.7,22.06,492
154,7,89,Tapachula,30.47,20.52,11
155,7,90,Tapalapa,26.05,16.54,455
156,7,91,Tapilula,25.5,15.3,633
157,7,92,Tecpatán,27.99,21.45,500
158,7,93,Tenejapa,24.12,12.14,665
159,7,94,Teopisca,25.37,15.62,474
160,7,96,Tila,29.25,18.43,39
161,7,97,Tonalá,30.48,18.115,823
162,7,98,Totolapa,28.23,18.88,881
163,7,99,La Trinitaria,25.78,16.6,24
164,7,100,Tumbalá,29.56,18.42,210
165,7,101,Tuxtla Gutiérrez,26.04,16.82,691
166,7,102,Tuxtla Chico,31.23,19.79,299
167,7,103,Tuzantán,30.36,19.44,228
168,7,104,Tzimol,28.69,18.99,699
169,7,105,Unión Juárez,26.7,14.77,740
170,7,107,Villa Corzo,29.11,18.82,139
171,7,108,Villaflores,30.94,20.45,481
172,7,109,Yajalón,28.94,16.77,936
173,7,110,San Lucas,30.015,19.495,703
174,7,111,Zinacantán,26.48,16.2,988
175,7,112,San Juan Cancuc,26.69,13.91,224
176,7,113,Aldama,24.75666666666667,14.396666666666668,245
177,7,114,Benemérito de las Américas,32.57,20.45,267
178,7,115,Maravilla Tenejapa,30.37,19.12,261
179,7,116,Marqués de Comillas,33.71,20.51,569
180,7,117,Montecristo de Guerrero,25.11,15.06,871
181,7,118,San Andrés Duraznal,26.39,14.55,758
182,7,119,Santiago el Pinar,24.81,12.63,82
183,7,120,Capitán Luis Ángel Vidal,25.57,14.05,115
184,7,121,Rincón Chamula San Pedro,25.89,14.69,112
185,7,122,El Parral,31.22,20.28,223
186,7,124,Mezcalapa,28.71,22.37,772
187,8,1,Ahumada,20.74,7.7,15
188,8,3,Allende,25.36,12.886666666666663,555
189,8,4,Aquiles Serdán,21.98,13.07,506
190,8,5,Ascensión,21.32,10.13,502
191,8,6,Bachíniva,17.43,4.6,289
192,8,7,Balleza,19.78,1.72,421
193,8,8,Batopilas de Manuel Gómez Morín,27.73,12.07,41
194,8,9,Bocoyna,17.32,2.88,485
195,8,10,Buenaventura,21.07,6.18,273
196,8,12,Carichí,20.85,5.23,590
197,8,13,Casas Grandes,18.96,2.97,772
198,8,14,Coronado,23.6,11.3,351
199,8,15,Coyame del Sotol,21.69,8.97,444
200,8,16,La Cruz,24.77,9.74,613
201,8,18,Cusihuiriachi,20.13,6.16,171
202,8,19,Chihuahua,21.35,7.05,695
203,8,20,Chínipas,28.33,11.47,643
204,8,21,Delicias,23.45,12.61,78
205,8,22,Dr. Belisario Domínguez,22.94,10.02,486
206,8,23,Galeana,22.43,7.665,778
207,8,24,Santa Isabel,22.52,8.78,839
208,8,26,Gran Morelos,22.39,8.54,65
209,8,27,Guachochi,18.95,3.96,265
210,8,29,Guadalupe y Calvo,23.12,4.64,755
211,8,30,Guazapares,27.99,12.38,236
212,8,32,Hidalgo del Parral,23.35,10.26,304
213,8,33,Huejotitán,23.58,8.53,756
214,8,34,Ignacio Zaragoza,19.51,2.7,474
215,8,35,Janos,20.76,7.38,474
216,8,38,Julimes,22.31,12.64,374
217,8,39,López,23.88,12.35,562
218,8,40,Madera,19.94,2.56,369
219,8,41,Maguarichi,22.53,8.41,682
220,8,42,Manuel Benavides,21.7,11.42,87
221,8,43,Matachí,21.45,2.51,323
222,8,45,Meoqui,24.92,11.26,49
223,8,47,Moris,23.68,6.14,693
224,8,48,Namiquipa,19.74,2.54,446
225,8,49,Nonoava,22.49,5.98,721
226,8,50,Nuevo Casas Grandes,20.67,6.77,572
227,8,52,Ojinaga,22.69,10.33,353
228,8,53,Praxedis G. Guerrero,21.89,10.2,505
229,8,54,Riva Palacio,19.89,4.11,644
230,8,55,Rosales,24.31,10.97,883
231,8,57,San Francisco de Borja,22.86,7.68,197
232,8,58,San Francisco de Conchos,23.81,12.79,473
233,8,59,San Francisco del Oro,22.08,7.61,853
234,8,60,Santa Bárbara,21.59,8.21,838
235,8,61,Satevó,23.4,10.79,968
236,8,62,Saucillo,23.36,12.46,820
237,8,63,Temósachic,20.78,2.98,434
238,8,64,El Tule,23.8,7.65,949
239,8,65,Urique,28.46,13.25,239
240,8,66,Uruachi,25.51,8.98,782
241,8,67,Valle de Zaragoza,23.85,11.4,452
242,9,2,Azcapotzalco,26.6,14.04,771
243,9,3,Coyoacán,24.88,12.47,237
244,9,4,Cuajimalpa de Morelos,21.36,8.49,651
245,9,5,Gustavo A. Madero,27.89,15.54,933
246,9,6,Iztacalco,26.23,15.01,200
247,9,7,Iztapalapa,25.57,14.24,856
248,9,8,La Magdalena Contreras,21.86,8.59,547
249,9,9,Milpa Alta,24.28,12.98,932
250,9,10,Álvaro Obregón,23.825000000000003,10.99,547
251,9,11,Tláhuac,25.4,13.66,208
252,9,12,Tlalpan,22.89,10.31,834
253,9,13,Xochimilco,25.1,12.93,202
254,9,14,Benito Juárez,27.775714285714287,16.46857142857143,854
255,9,15,Cuauhtémoc,24.7625,11.1375,348
256,9,16,Miguel Hidalgo,24.31,12.27,704
257,10,1,Canatlán,22.12,5.78,440
258,10,2,Canelas,21.62,7.4,542
259,10,3,Coneto de Comonfort,23.78,8.19,372
260,10,4,Cuencamé,23.77,10.16,824
261,10,5,Durango,23.2,3.67,296
262,10,6,General Simón Bolívar,25.32,12.93,716
263,10,7,Gómez Palacio,25.95,12.39,81
264,10,9,Guanaceví,22.31,1.76,99
265,10,11,Indé,24.28,8.24,964
266,10,12,Lerdo,26.52,8.34,946
267,10,13,Mapimí,26.18,8.64,785
268,10,14,Mezquital,22.74,5.46,144
269,10,15,Nazas,27.1,8.57,757
270,10,16,Nombre de Dios,25.7,5.22,285
271,10,18,El Oro,24.325000000000003,7.12,314
272,10,19,Otáez,23.3,5.35,95
273,10,20,Pánuco de Coronado,25.22,5.42,788
274,10,21,Peñón Blanco,26.4,6.74,621
275,10,22,Poanas,25.16,4.98,679
276,10,23,Pueblo Nuevo,27.14,9.92,473
277,10,24,Rodeo,27.93,7.11,124
278,10,25,San Bernardo,24.1,4.45,669
279,10,26,San Dimas,22.49,5.43,20
280,10,27,San Juan de Guadalupe,26.98,9.18,34
281,10,29,San Luis del Cordero,24.78,11.06,752
282,10,30,San Pedro del Gallo,25.49,7.46,51
283,10,31,Santa Clara,25.7,6.71,784
284,10,32,Santiago Papasquiaro,24.97,5.74,764
285,10,33,Súchil,21.39,3.72,235
286,10,34,Tamazula,27.04,11.86,453
287,10,35,Tepehuanes,24.35,3.77,105
288,10,36,Tlahualilo,26.62,9.69,899
289,10,37,Topia,25.24,7.58,364
290,10,39,Nuevo Ideal,25.57,5.67,103
291,11,2,Acámbaro,25.21,10.7,725
292,11,3,San Miguel de Allende,25.75,11.5,188
293,11,4,Apaseo el Alto,27.23,11.78,791
294,11,5,Apaseo el Grande,27.82,12.23,73
295,11,6,Atarjea,23.05,9.91,508
296,11,7,Celaya,28.8,11.97,555
297,11,8,Manuel Doblado,29.31,12.95,274
298,11,9,Comonfort,27.77,11.87,575
299,11,10,Coroneo,23.65,9.56,802
300,11,11,Cortazar,29.59,12.19,802
301,11,12,Cuerámaro,30.5,13.39,230
302,11,13,Doctor Mora,21.28,9.67,677
303,11,14,Dolores Hidalgo Cuna de la Independencia Nacional,26.66,11.42,247
304,11,15,Guanajuato,27.63,12.19,765
305,11,16,Huanímaro,30.32,13.54,241
306,11,17,Irapuato,30.9,12.94,721
307,11,18,Jaral del Progreso,29.8,12.49,496
308,11,19,Jerécuaro,24.65,10.08,499
309,11,20,León,28.52,11.72,844
310,11,21,Moroleón,27.95,12.26,318
311,11,23,Pénjamo,29.76,13.9,96
312,11,25,Purísima del Rincón,29.45,11.74,145
313,11,26,Romita,30.97,12.76,147
314,11,27,Salamanca,30.17,12.44,823
315,11,28,Salvatierra,28.03,11.92,347
316,11,29,San Diego de la Unión,26.32,10.99,533
317,11,31,San Francisco del Rincón,30.48,11.88,782
318,11,32,San José Iturbide,22.1,10.2,167
319,11,33,San Luis de la Paz,23.63,11.01,559
320,11,35,Santa Cruz de Juventino Rosas,28.85,12.16,491
321,11,36,Santiago Maravatío,28.37,12.14,366
322,11,37,Silao de la Victoria,29.69,12.62,291
323,11,38,Tarandacuao,23.88,9.73,407
324,11,39,Tarimoro,27.58,11.41,830
325,11,41,Uriangato,28.11,12.21,777
326,11,42,Valle de Santiago,30.1,12.81,934
327,11,45,Xichú,23.5,10.99,120
328,11,46,Yuriria,28.49,12.59,754
329,12,1,Acapulco de Juárez,30.65,23.19,512
330,12,2,Ahuacuotzingo,28.31,15.9,93
331,12,3,Ajuchitlán del Progreso,26.98,18.95,537
332,12,4,Alcozauca de Guerrero,26.07,14.16,531
333,12,5,Alpoyeca,29.66,15.56,450
334,12,6,Apaxtla,28.51,18.28,624
335,12,7,Arcelia,28.14,19.07,843
336,12,8,Atenango del Río,31.01,17.92,915
337,12,9,Atlamajalcingo del Monte,24.64,14.12,146
338,12,10,Atlixtac,25.5,14.63,142
339,12,11,Atoyac de Álvarez,30.53,23.98,402
340,12,12,Ayutla de los Libres,29.56,19.4,98
341,12,13,Azoyú,31.59,21.15,785
342,12,15,Buenavista de Cuéllar,27.02,16.39,863
343,12,16,Coahuayutla de José María Izazaga,31.38,20.3,252
344,12,17,Cocula,28.725,15.339999999999998,961
345,12,18,Copala,30.66,24.25,704
346,12,19,Copalillo,30.62,17.56,399
347,12,20,Copanatoyac,25.3,14.02,173
348,12,21,Coyuca de Benítez,30.53,23.91,227
349,12,22,Coyuca de Catalán,28.62,18.99,652
350,12,23,Cuajinicuilapa,32.12,22.98,911
351,12,24,Cualác,28.97,15.48,286
352,12,25,Cuautepec,30.57,22.39,245
353,12,26,Cuetzala del Progreso,28.48,17.77,146
354,12,27,Cutzamala de Pinzón,30.25,19.58,340
355,12,28,Chilapa de Álvarez,25.74,15.85,843
356,12,29,Chilpancingo de los Bravo,23.78,17.54,503
357,12,30,Florencio Villarreal,27.68,24.02,68
358,12,31,General Canuto A. Neri,25.28,17.28,875
359,12,32,General Heliodoro Castillo,25.6,17.3,525
360,12,33,Huamuxtitlán,30.65,16.19,507
361,12,34,Huitzuco de los Figueroa,29.86,17.62,409
362,12,35,Iguala de la Independencia,29.2,17.83,447
363,12,36,Igualapa,30.33,19.98,344
364,12,37,Ixcateopan de Cuauhtémoc,23.12,14.98,216
365,12,38,Zihuatanejo de Azueta,31.58,21.99,647
366,12,39,Juan R. Escudero,26.32,19.97,576
367,12,40,Leonardo Bravo,25.35,17.01,846
368,12,41,Malinaltepec,26.16,15.81,995
369,12,42,Mártir de Cuilapan,28.4,17.1,874
370,12,43,Metlatónoc,26.2,15.9,144
371,12,44,Mochitlán,27.92,19.07,822
372,12,45,Olinalá,30.07,16.53,155
373,12,46,Ometepec,31.95,20.74,756
374,12,47,Pedro Ascencio Alquisiras,21.73,14.49,788
375,12,48,Petatlán,30.96,21.64,508
376,12,49,Pilcaya,22.18,13.39,497
377,12,50,Pungarabato,31.88,21.44,910
378,12,51,Quechultenango,27.31,17.95,72
379,12,52,San Luis Acatlán,29.5,19.74,844
380,12,53,San Marcos,30.535,18.155,308
381,12,54,San Miguel Totolapan,26.07,18.11,449
382,12,55,Taxco de Alarcón,23.61,14.81,674
383,12,56,Tecoanapa,30.28,20.43,60
384,12,57,Técpan de Galeana,30.58,23.55,923
385,12,58,Teloloapan,24.81,16.48,496
386,12,59,Tepecoacuilco de Trujano,30.89,18.38,470
387,12,60,Tetipac,21.48,13.34,388
388,12,61,Tixtla de Guerrero,26.0,16.85,945
389,12,62,Tlacoachistlahuaca,29.11,18.33,991
390,12,63,Tlacoapa,25.38,14.78,760
391,12,64,Tlalchapa,29.79,20.18,470
392,12,65,Tlalixtaquilla de Maldonado,29.13,15.07,509
393,12,66,Tlapa de Comonfort,28.0,14.93,645
394,12,67,Tlapehuala,30.96,20.94,447
395,12,68,La Unión de Isidoro Montes de Oca,31.38,23.48,266
396,12,69,Xalpatláhuac,26.42,14.48,482
397,12,70,Xochihuehuetlán,31.24,16.8,27
398,12,71,Xochistlahuaca,29.85,18.39,175
399,12,72,Zapotitlán Tablas,22.45,14.53,60
400,12,73,Zirándaro,31.41,19.36,37
401,12,74,Zitlala,27.28,16.22,297
402,12,75,Eduardo Neri,27.26,17.15,616
403,12,76,Acatepec,26.72,16.51,405
404,12,77,Marquelia,30.97,22.91,941
405,12,78,Cochoapa el Grande,26.45,16.44,211
406,12,79,José Joaquín de Herrera,25.26,14.9,214
407,12,80,Juchitán,31.66,22.74,427
408,12,81,Iliatenco,26.89,16.99,669
409,13,2,Acaxochitlán,22.84,10.73,997
410,13,4,Agua Blanca de Iturbide,21.68,11.47,833
411,13,5,Ajacuba,25.6,10.76,28
412,13,6,Alfajayucan,27.46,11.46,514
413,13,7,Almoloya,24.74,8.68,363
414,13,8,Apan,24.59,8.62,23
415,13,9,El Arenal,26.895,11.27,482
416,13,10,Atitalaquia,26.71,11.12,484
417,13,11,Atlapexco,24.93,18.39,74
418,13,12,Atotonilco el Grande,19.98,9.02,979
419,13,13,Atotonilco de Tula,26.51,11.39,456
420,13,14,Calnali,21.91,15.53,641
421,13,15,Cardonal,24.4,11.02,248
422,13,16,Cuautepec de Hinojosa,24.42,9.78,525
423,13,17,Chapantongo,26.08,11.22,86
424,13,18,Chapulhuacán,22.9,14.29,97
425,13,19,Chilcuautla,27.33,11.14,685
426,13,22,Epazoyucan,24.62,9.9,104
427,13,24,Huasca de Ocampo,21.43,9.05,211
428,13,25,Huautla,25.83,19.08,76
429,13,26,Huazalingo,23.02,17.07,884
430,13,28,Huejutla de Reyes,25.43,18.46,492
431,13,29,Huichapan,26.75,11.99,354
432,13,30,Ixmiquilpan,26.17,11.07,660
433,13,31,Jacala de Ledezma,24.48,13.28,791
434,13,32,Jaltocán,24.94,17.9,661
435,13,33,Juárez Hidalgo,21.43,12.18,510
436,13,34,Lolotla,22.03,13.99,781
437,13,36,San Agustín Metzquititlán,20.3,9.9,201
438,13,37,Metztitlán,21.45,10.13,577
439,13,38,Mineral del Chico,20.91,9.13,617
440,13,39,Mineral del Monte,23.71,9.59,262
441,13,40,La Misión,23.61,13.82,539
442,13,41,Mixquiahuala de Juárez,26.51,10.69,127
443,13,42,Molango de Escamilla,21.42,12.76,529
444,13,43,Nicolás Flores,24.68,11.55,782
445,13,44,Nopala de Villagrán,25.28,11.29,179
446,13,45,Omitlán de Juárez,20.02,8.61,199
447,13,46,San Felipe Orizatlán,25.93,18.19,194
448,13,47,Pacula,25.98,13.35,782
449,13,48,Pachuca de Soto,24.58,10.4,450
450,13,49,Pisaflores,23.03,13.76,659
451,13,50,Progreso de Obregón,26.77,10.82,163
452,13,51,Mineral de la Reforma,25.44,10.69,252
453,13,52,San Agustín Tlaxiaca,24.16,10.35,955
454,13,53,San Bartolo Tutotepec,21.6,14.55,409
455,13,54,San Salvador,25.33,10.19,349
456,13,55,Santiago de Anaya,23.81,10.21,484
457,13,56,Santiago Tulantepec de Lugo Guerrero,24.88,9.89,837
458,13,57,Singuilucan,24.65,9.36,730
459,13,58,Tasquillo,27.79,11.64,177
460,13,59,Tecozautla,27.97,12.36,540
461,13,60,Tenango de Doria,21.71,12.09,297
462,13,61,Tepeapulco,24.84,9.13,722
463,13,62,Tepehuacán de Guerrero,22.94,14.49,195
464,13,63,Tepeji del Río de Ocampo,25.2,10.7,643
465,13,64,Tepetitlán,26.53,11.05,217
466,13,65,Tetepango,26.07,10.94,570
467,13,66,Villa de Tezontepec,25.68,11.4,767
468,13,67,Tezontepec de Aldama,27.16,11.14,216
469,13,68,Tianguistengo,20.78,13.9,673
470,13,69,Tizayuca,26.07,12.26,342
471,13,70,Tlahuelilpan,26.72,10.95,690
472,13,71,Tlahuiltepa,22.69,12.57,653
473,13,72,Tlanalapa,25.21,9.99,324
474,13,73,Tlanchinol,22.8,15.64,415
475,13,74,Tlaxcoapan,26.84,11.07,804
476,13,75,Tolcayuca,25.39,11.34,745
477,13,76,Tula de Allende,26.24,10.81,197
478,13,77,Tulancingo de Bravo,23.96,10.38,783
479,13,78,Xochiatipan,23.78,18.11,683
480,13,79,Xochicoatlán,20.68,13.14,182
481,13,80,Yahualica,23.65,17.69,270
482,13,81,Zacualtipán de Ángeles,20.41,11.66,572
483,13,82,Zapotlán de Juárez,25.55,11.18,682
484,13,83,Zempoala,25.31,10.41,985
485,13,84,Zimapán,26.31,11.81,443
486,14,1,Acatic,27.9,12.73,760
487,14,2,Acatlán de Juárez,28.82,12.37,461
488,14,3,Ahualulco de Mercado,30.36,12.99,992
489,14,4,Amacueca,24.09,10.91,297
490,14,5,Amatitán,30.72,12.75,267
491,14,6,Ameca,29.22,12.85,668
492,14,7,San Juanito de Escobedo,30.59,13.32,668
493,14,8,Arandas,27.44,12.0,946
494,14,10,Atemajac de Brizuela,24.81,11.54,644
495,14,11,Atengo,26.75,13.26,21
496,14,12,Atenguillo,25.76,13.02,793
497,14,13,Atotonilco el Alto,29.2,12.84,288
498,14,15,Autlán de Navarro,24.99,13.03,829
499,14,16,Ayotlán,29.7,13.19,922
500,14,17,Ayutla,24.88,13.42,376
501,14,18,La Barca,29.91,14.17,157
502,14,19,Bolaños,28.23,10.31,601
503,14,20,Cabo Corrientes,27.96,21.14,793
504,14,21,Casimiro Castillo,27.08,15.91,485
505,14,22,Cihuatlán,30.74,20.95,759
506,14,23,Zapotlán el Grande,24.28,11.65,659
507,14,25,Colotlán,25.67,7.3,728
508,14,26,Concepción de Buenos Aires,27.96,14.15,17
509,14,27,Cuautitlán de García Barragán,26.49,15.01,821
510,14,28,Cuautla,26.42,14.425,433
511,14,29,Cuquío,27.86,13.28,103
512,14,30,Chapala,26.95,16.48,487
513,14,31,Chimaltitán,28.39,11.15,958
514,14,32,Chiquilistlán,24.18,12.41,822
515,14,33,Degollado,29.79,13.62,661
516,14,34,Ejutla,25.2,13.56,520
517,14,35,Encarnación de Díaz,28.61,10.75,926
518,14,36,Etzatlán,29.92,13.3,102
519,14,37,El Grullo,24.99,12.74,308
520,14,38,Guachinango,28.78,13.83,467
521,14,39,Guadalajara,29.08,12.76,774
522,14,40,Hostotipaquillo,31.45,13.68,319
523,14,41,Huejúcar,24.3,6.02,300
524,14,42,Huejuquilla el Alto,24.61,6.61,934
525,14,43,La Huerta,30.09,21.09,576
526,14,44,Ixtlahuacán de los Membrillos,27.58,15.6,748
527,14,45,Ixtlahuacán del Río,28.91,12.54,873
528,14,46,Jalostotitlán,28.96,11.71,182
529,14,47,Jamay,28.24,16.13,594
530,14,49,Jilotlán de los Dolores,33.45,20.09,427
531,14,50,Jocotepec,28.19,13.84,451
532,14,51,Juanacatlán,28.63,14.43,793
533,14,52,Juchitlán,25.32,13.73,954
534,14,53,Lagos de Moreno,27.27,10.89,752
535,14,54,El Limón,25.15,13.42,752
536,14,56,Santa María del Oro,30.44,16.28,563
537,14,57,La Manzanilla de la Paz,27.7,13.83,60
538,14,58,Mascota,26.42,15.08,611
539,14,59,Mazamitla,27.88,14.41,229
540,14,60,Mexticacán,28.84,11.63,631
541,14,61,Mezquitic,25.78,8.07,270
542,14,62,Mixtlán,27.47,12.92,293
543,14,63,Ocotlán,28.43,15.05,202
544,14,64,Ojuelos de Jalisco,25.93,10.06,948
545,14,65,Pihuamo,29.25,17.81,336
546,14,66,Poncitlán,27.39,16.72,317
547,14,67,Puerto Vallarta,27.68,19.29,722
548,14,68,Villa Purificación,27.96,17.66,450
549,14,69,Quitupan,28.14,15.16,461
550,14,70,El Salto,28.99,13.67,510
551,14,71,San Cristóbal de la Barranca,29.74,12.54,818
552,14,72,San Diego de Alejandría,28.95,11.92,179
553,14,73,San Juan de los Lagos,29.09,11.58,523
554,14,74,San Julián,28.14,11.82,136
555,14,76,San Martín de Bolaños,28.99,11.99,934
556,14,77,San Martín Hidalgo,29.2,13.01,942
557,14,78,San Miguel el Alto,27.5,11.83,624
558,14,80,San Sebastián del Oeste,27.95,16.63,296
559,14,81,Santa María de los Ángeles,25.02,6.58,494
560,14,82,Sayula,23.71,10.75,863
561,14,83,Tala,29.99,12.67,785
562,14,84,Talpa de Allende,26.69,16.77,451
563,14,85,Tamazula de Gordiano,28.28,15.21,640
564,14,86,Tapalpa,22.22,10.6,740
565,14,87,Tecalitlán,28.51,16.8,919
566,14,88,Tecolotlán,26.62,13.84,336
567,14,89,Techaluta de Montenegro,26.28,11.64,589
568,14,90,Tenamaxtlán,26.09,13.89,758
569,14,91,Teocaltiche,29.6,10.85,874
570,14,92,Teocuitatlán de Corona,27.52,14.38,210
571,14,93,Tepatitlán de Morelos,27.51,12.53,180
572,14,95,Teuchitlán,30.57,12.82,381
573,14,96,Tizapán el Alto,26.8,15.27,183
574,14,97,Tlajomulco de Zúñiga,28.54,13.23,506
575,14,98,San Pedro Tlaquepaque,28.75,12.95,631
576,14,102,Tonaya,24.41,13.04,702
577,14,103,Tonila,24.66,14.2,459
578,14,104,Totatiche,26.9,8.63,679
579,14,105,Tototlán,29.04,13.24,993
580,14,106,Tuxcacuesco,23.97,11.98,749
581,14,107,Tuxcueca,26.89,15.15,910
582,14,109,Unión de San Antonio,29.08,11.63,732
583,14,110,Unión de Tula,25.6,13.71,22
584,14,111,Valle de Guadalupe,27.88,12.52,651
585,14,112,Valle de Juárez,27.95,14.79,707
586,14,113,San Gabriel,20.72,9.42,934
587,14,114,Villa Corona,28.46,12.26,18
588,14,115,Villa Guerrero,23.07,9.39,182
589,14,117,Cañadas de Obregón,28.61,12.24,741
590,14,118,Yahualica de González Gallo,27.84,12.46,62
591,14,119,Zacoalco de Torres,27.74,12.13,116
592,14,120,Zapopan,29.25,12.61,595
593,14,121,Zapotiltic,27.03,14.14,404
594,14,122,Zapotitlán de Vadillo,24.96,13.4,739
595,14,123,Zapotlán del Rey,28.66,14.67,173
596,14,124,Zapotlanejo,28.74,13.42,392
597,14,125,San Ignacio Cerro Gordo,26.78,11.94,963
598,15,1,Acambay de Ruíz Castañeda,23.04,9.21,953
599,15,2,Acolman,26.35,14.11,329
600,15,3,Aculco,24.12,10.2,567
601,15,4,Almoloya de Alquisiras,17.19,10.39,434
602,15,5,Almoloya de Juárez,19.63,8.13,401
603,15,6,Almoloya del Río,19.69,9.9,525
604,15,7,Amanalco,15.91,6.42,459
605,15,8,Amatepec,24.24,16.08,83
606,15,9,Amecameca,18.01,9.42,335
607,15,10,Apaxco,25.77,11.35,231
608,15,11,Atenco,24.56,15.24,990
609,15,12,Atizapán,19.86,9.57,998
610,15,13,Atizapán de Zaragoza,24.26,12.02,807
611,15,14,Atlacomulco,22.28,8.79,324
612,15,15,Atlautla,18.26,10.36,677
613,15,16,Axapusco,25.31,11.29,594
614,15,17,Ayapango,18.3,9.7,631
615,15,18,Calimaya,18.42,8.74,640
616,15,19,Capulhuac,19.89,9.46,545
617,15,20,Coacalco de Berriozábal,26.82,14.09,492
618,15,21,Coatepec Harinas,19.11,10.66,881
619,15,22,Cocotitlán,19.16,8.8,676
620,15,24,Cuautitlán,25.53,12.93,897
621,15,25,Chalco,18.86,8.12,224
622,15,26,Chapa de Mota,22.47,8.54,779
623,15,27,Chapultepec,18.6,6.41,134
624,15,29,Chicoloapan,22.48,11.96,27
625,15,30,Chiconcuac,25.67,14.93,227
626,15,31,Chimalhuacán,25.2,14.48,359
627,15,32,Donato Guerra,17.72,8.61,332
628,15,33,Ecatepec de Morelos,27.85,15.71,749
629,15,34,Ecatzingo,17.11,8.81,181
630,15,35,Huehuetoca,25.59,11.89,879
631,15,36,Hueypoxtla,25.39,11.63,880
632,15,37,Huixquilucan,21.07,8.7,49
633,15,38,Isidro Fabela,20.98,9.38,625
634,15,39,Ixtapaluca,19.49,8.57,880
635,15,40,Ixtapan de la Sal,16.63,9.56,824
636,15,41,Ixtapan del Oro,19.42,10.79,926
637,15,42,Ixtlahuaca,21.0,7.73,475
638,15,43,Xalatlaco,19.61,7.33,778
639,15,44,Jaltenco,26.11,12.92,370
640,15,46,Jilotzingo,19.24,8.02,575
641,15,47,Jiquipilco,17.52,5.9,620
642,15,48,Jocotitlán,21.02,7.94,481
643,15,49,Joquicingo,19.62,10.48,81
644,15,50,Juchitepec,19.66,10.26,533
645,15,51,Lerma,20.37,9.01,162
646,15,52,Malinalco,19.33,10.94,235
647,15,53,Melchor Ocampo,26.64,14.046666666666669,86
648,15,54,Metepec,21.065,8.495000000000001,408
649,15,55,Mexicaltzingo,17.94,6.25,835
650,15,57,Naucalpan de Juárez,23.02,11.09,602
651,15,58,Nezahualcóyotl,26.74,15.6,680
652,15,59,Nextlalpan,26.52,13.46,651
653,15,60,Nicolás Romero,20.62,8.59,659
654,15,61,Nopaltepec,25.4,11.18,16
655,15,62,Ocoyoacac,20.3,7.1,628
656,15,63,Ocuilan,18.38,8.73,824
657,15,65,Otumba,24.33,11.8,432
658,15,66,Otzoloapan,22.31,13.4,250
659,15,67,Otzolotepec,20.26,8.29,985
660,15,68,Ozumba,18.25,10.46,339
661,15,69,Papalotla,25.03,14.48,139
662,15,70,La Paz,25.765,15.68,101
663,15,71,Polotitlán,24.98,11.12,471
664,15,73,San Antonio la Isla,19.86,9.57,626
665,15,74,San Felipe del Progreso,21.83,7.96,420
666,15,75,San Martín de las Pirámides,25.54,12.46,518
667,15,76,San Mateo Atenco,19.54,6.47,296
668,15,77,San Simón de Guerrero,16.45,9.83,970
669,15,78,Santo Tomás,20.62,12.01,13
670,15,79,Soyaniquilpan de Juárez,25.16,10.31,556
671,15,80,Sultepec,20.01,13.14,494
672,15,81,Tecámac,26.71,13.69,893
673,15,82,Tejupilco,21.39,13.7,853
674,15,83,Temamatla,18.72,8.75,519
675,15,84,Temascalapa,26.01,12.17,599
676,15,85,Temascalcingo,22.31,8.82,734
677,15,86,Temascaltepec,14.14,7.49,331
678,15,87,Temoaya,20.45,8.22,402
679,15,89,Tenango del Aire,19.15,9.5,660
680,15,90,Tenango del Valle,18.68,9.74,279
681,15,91,Teoloyucan,25.57,12.59,558
682,15,92,Teotihuacán,25.69,13.21,648
683,15,93,Tepetlaoxtoc,23.06,11.38,756
684,15,94,Tepetlixpa,18.14,9.54,842
685,15,95,Tepotzotlán,23.79,11.05,96
686,15,96,Tequixquiac,26.03,11.8,612
687,15,97,Texcaltitlán,15.88,9.37,60
688,15,98,Texcalyacac,18.06,6.4,184
689,15,99,Texcoco,22.71,11.91,955
690,15,100,Tezoyuca,26.38,14.81,403
691,15,101,Tianguistenco,19.82,9.57,169
692,15,102,Timilpan,22.59,8.75,903
693,15,103,Tlalmanalco,14.54,4.84,711
694,15,104,Tlalnepantla de Baz,27.08,14.46,819
695,15,105,Tlatlaya,26.38,17.74,470
696,15,106,Toluca,19.17,8.2,71
697,15,107,Tonatico,23.16,13.82,1000
698,15,108,Tultepec,26.08,13.29,223
699,15,109,Tultitlán,26.41,13.74,345
700,15,110,Valle de Bravo,16.97,8.89,469
701,15,111,Villa de Allende,19.92,8.04,105
702,15,112,Villa del Carbón,21.67,8.44,140
703,15,114,Villa Victoria,22.11,7.8,313
704,15,115,Xonacatlán,20.5,9.0,524
705,15,116,Zacazonapan,20.24,12.12,944
706,15,118,Zinacantepec,18.1,8.22,645
707,15,119,Zumpahuacán,20.86,12.22,428
708,15,120,Zumpango,26.15,12.69,215
709,15,121,Cuautitlán Izcalli,25.16,12.77,789
710,15,122,Valle de Chalco Solidaridad,23.51,12.37,50
711,15,123,Luvianos,24.92,15.43,485
712,15,124,San José del Rincón,19.64,7.05,563
713,15,125,Tonanitla,26.86,14.02,762
714,16,1,Acuitzio,20.92,11.84,132
715,16,2,Aguililla,30.39,18.52,738
716,16,4,Angamacutiro,28.54,14.08,429
717,16,5,Angangueo,17.67,6.68,127
718,16,6,Apatzingán,34.82,23.29,632
719,16,7,Aporo,18.66,7.78,831
720,16,9,Ario,24.93,17.12,972
721,16,11,Briseñas,29.65,15.21,828
722,16,12,Buenavista,35.21,22.78,969
723,16,13,Carácuaro,31.11,18.97,312
724,16,14,Coahuayana,31.1,20.15,569
725,16,15,Coalcomán de Vázquez Pallares,28.01,16.37,611
726,16,16,Coeneo,24.26,11.53,626
727,16,17,Contepec,21.29,8.21,852
728,16,18,Copándaro,25.96,11.6,516
729,16,19,Cotija,28.22,15.44,387
730,16,20,Cuitzeo,26.58,11.67,931
731,16,21,Charapan,24.94,11.87,338
732,16,22,Charo,22.02,11.76,440
733,16,23,Chavinda,29.81,14.2,133
734,16,24,Cherán,23.87,11.24,45
735,16,25,Chilchota,25.1,11.74,375
736,16,26,Chinicuila,29.49,17.72,859
737,16,27,Chucándiro,25.52,11.59,45
738,16,28,Churintzio,29.14,13.93,240
739,16,29,Churumuco,32.3,20.13,362
740,16,30,Ecuandureo,30.46,14.0,654
741,16,31,Epitacio Huerta,22.92,9.17,173
742,16,32,Erongarícuaro,22.31,11.62,602
743,16,33,Gabriel Zamora,30.22,20.7,944
744,16,35,La Huacana,33.52,22.42,443
745,16,36,Huandacareo,27.36,11.98,33
746,16,37,Huaniqueo,25.0,11.61,876
747,16,38,Huetamo,33.81,20.67,195
748,16,39,Huiramba,21.67,10.77,845
749,16,40,Indaparapeo,21.4,10.87,210
750,16,41,Irimbo,19.76,8.21,420
751,16,42,Ixtlán,30.53,14.21,779
752,16,43,Jacona,28.51,13.58,761
753,16,45,Jiquilpan,28.41,14.44,158
754,16,47,Jungapeo,20.93,11.66,57
755,16,49,Madero,22.58,14.28,440
756,16,50,Maravatío,20.96,8.58,482
757,16,51,Marcos Castellanos,27.59,14.16,763
758,16,53,Morelia,22.23,11.32,73
759,16,55,Múgica,35.51,24.04,472
760,16,56,Nahuatzen,23.01,11.45,509
761,16,57,Nocupétaro,28.48,17.69,444
762,16,58,Nuevo Parangaricutiro,24.79,14.34,484
763,16,59,Nuevo Urecho,27.32,18.84,36
764,16,60,Numarán,29.84,13.89,814
765,16,62,Pajacuarán,30.0,14.55,386
766,16,63,Panindícuaro,26.74,13.58,474
767,16,64,Parácuaro,34.52,23.31,961
768,16,65,Paracho,23.52,11.29,367
769,16,66,Pátzcuaro,21.56,11.56,677
770,16,67,Penjamillo,28.25,13.97,502
771,16,68,Peribán,28.11,17.08,999
772,16,69,La Piedad,30.22,13.85,904
773,16,70,Purépero,25.59,12.57,736
774,16,71,Puruándiro,27.36,13.05,945
775,16,72,Queréndaro,20.75,10.54,762
776,16,73,Quiroga,23.61,10.9,321
777,16,74,Cojumatlán de Régules,27.32,15.36,215
778,16,76,Sahuayo,28.11,14.61,393
779,16,78,Santa Ana Maya,27.31,11.71,632
780,16,79,Salvador Escalante,21.66,13.61,789
781,16,80,Senguio,19.21,7.24,51
782,16,81,Susupuato,23.34,13.87,859
783,16,82,Tacámbaro,22.01,14.24,264
784,16,83,Tancítaro,28.39,18.42,786
785,16,84,Tangamandapio,27.99,14.0,418
786,16,85,Tangancícuaro,27.08,12.93,173
787,16,86,Tanhuato,30.97,14.03,367
788,16,87,Taretan,24.4,16.08,131
789,16,88,Tarímbaro,23.93,11.28,365
790,16,89,Tepalcatepec,33.75,20.73,132
791,16,90,Tingambato,21.99,12.18,883
792,16,91,Tingüindín,26.89,14.13,237
793,16,92,Tiquicheo de Nicolás Romero,29.3,17.7,892
794,16,93,Tlalpujahua,19.86,7.14,546
795,16,94,Tlazazalca,27.54,13.59,264
796,16,95,Tocumbo,28.94,16.56,248
797,16,96,Tumbiscatío,28.22,20.14,362
798,16,97,Turicato,29.43,18.65,426
799,16,99,Tuzantla,26.29,15.89,624
800,16,100,Tzintzuntzan,22.56,10.9,588
801,16,101,Tzitzio,22.76,13.76,148
802,16,102,Uruapan,24.63,14.02,197
803,16,104,Villamar,29.07,14.39,860
804,16,105,Vista Hermosa,30.96,14.25,27
805,16,106,Yurécuaro,30.74,13.79,672
806,16,107,Zacapu,24.52,11.94,85
807,16,108,Zamora,29.82,14.02,481
808,16,109,Zináparo,29.29,13.88,972
809,16,110,Zinapécuaro,21.78,10.11,566
810,16,111,Ziracuaretiro,23.18,13.7,123
811,16,112,Zitácuaro,18.48,9.23,38
812,16,113,José Sixto Verduzco,29.67,13.71,669
813,17,1,Amacuzac,26.64,15.83,205
814,17,2,Atlatlahucan,21.91,11.96,693
815,17,3,Axochiapan,29.82,16.88,198
816,17,4,Ayala,29.61,16.9,789
817,17,5,Coatlán del Río,24.88,14.6,64
818,17,7,Cuernavaca,22.47,12.3,261
819,17,9,Huitzilac,21.33,9.73,348
820,17,10,Jantetelco,27.73,15.8,500
821,17,11,Jiutepec,27.83,16.21,128
822,17,12,Jojutla,29.12,16.89,494
823,17,13,Jonacatepec de Leandro Valle,27.82,15.82,54
824,17,14,Mazatepec,26.49,15.57,551
825,17,15,Miacatlán,25.19,14.47,909
826,17,16,Ocuituco,21.06,11.34,285
827,17,17,Puente de Ixtla,28.41,16.58,359
828,17,18,Temixco,24.45,13.97,612
829,17,19,Tepalcingo,29.74,16.83,377
830,17,20,Tepoztlán,25.94,14.6,584
831,17,21,Tetecala,25.2,14.8,441
832,17,22,Tetela del Volcán,17.23,8.83,435
833,17,23,Tlalnepantla,23.3,13.01,382
834,17,24,Tlaltizapán de Zapata,29.89,17.23,85
835,17,25,Tlaquiltenango,30.07,17.27,930
836,17,26,Tlayacapan,24.88,13.89,15
837,17,27,Totolapan,21.14,11.59,744
838,17,28,Xochitepec,28.49,16.38,780
839,17,29,Yautepec,28.6,16.33,119
840,17,30,Yecapixtla,24.62,13.66,245
841,17,31,Zacatepec,29.09,16.83,650
842,17,32,Zacualpan de Amilpas,22.77,12.54,384
843,17,33,Temoac,26.06,14.67,459
844,18,1,Acaponeta,30.11,15.75,506
845,18,3,Amatlán de Cañas,29.8,14.6,846
846,18,4,Compostela,28.44,19.16,311
847,18,5,Huajicori,28.23,12.56,318
848,18,6,Ixtlán del Río,30.86,14.51,325
849,18,7,Jala,30.58,14.37,891
850,18,8,Xalisco,28.76,16.75,470
851,18,9,Del Nayar,27.55,11.83,264
852,18,10,Rosamorada,30.29,17.32,862
853,18,11,Ruíz,29.71,15.79,384
854,18,12,San Blas,28.83,20.49,196
855,18,13,San Pedro Lagunillas,28.7,15.21,119
856,18,15,Santiago Ixcuintla,29.66,19.32,663
857,18,16,Tecuala,30.33,19.3,362
858,18,17,Tepic,29.19,15.36,271
859,18,19,La Yesca,29.0,12.79,720
860,18,20,Bahía de Banderas,27.85,21.73,978
861,19,1,Abasolo,27.8975,15.3425,800
862,19,2,Agualeguas,27.19,17.18,565
863,19,3,Los Aldamas,28.39,19.71,343
864,19,5,Anáhuac,28.12,15.08,834
865,19,6,Apodaca,26.91,15.66,259
866,19,7,Aramberri,24.16,10.51,935
867,19,9,Cadereyta Jiménez,27.55,15.03,732
868,19,10,El Carmen,25.9,14.79,233
869,19,11,Cerralvo,26.61,16.7,309
870,19,12,Ciénega de Flores,26.06,15.25,174
871,19,13,China,28.03,19.13,552
872,19,14,Doctor Arroyo,26.07,10.5,793
873,19,15,Doctor Coss,28.41,19.96,258
874,19,16,Doctor González,26.67,15.98,491
875,19,18,García,24.62,12.62,453
876,19,19,San Pedro Garza García,26.3,12.8,930
877,19,20,General Bravo,28.02,19.55,822
878,19,21,General Escobedo,26.2,14.88,816
879,19,22,General Terán,27.99,16.78,178
880,19,23,General Treviño,28.08,19.05,268
881,19,24,General Zaragoza,22.6,10.21,151
882,19,25,General Zuazua,26.06,15.23,348
883,19,27,Los Herreras,28.01,19.06,369
884,19,28,Higueras,25.54,14.74,172
885,19,29,Hualahuises,26.67,13.85,479
886,19,30,Iturbide,23.24,11.21,427
887,19,32,Lampazos de Naranjo,26.97,16.4,136
888,19,33,Linares,27.01,14.63,717
889,19,34,Marín,26.21,15.36,141
890,19,36,Mier y Noriega,25.29,11.34,605
891,19,37,Mina,25.36,14.77,742
892,19,38,Montemorelos,26.29,13.61,190
893,19,39,Monterrey,25.7,12.99,839
894,19,40,Parás,28.31,18.7,632
895,19,41,Pesquería,27.37,15.86,699
896,19,42,Los Ramones,27.86,17.34,154
897,19,43,Rayones,21.92,9.66,308
898,19,44,Sabinas Hidalgo,26.42,15.28,725
899,19,45,Salinas Victoria,25.76,14.71,209
900,19,46,San Nicolás de los Garza,27.02,15.69,54
901,19,47,Hidalgo,24.786,12.752,681
902,19,48,Santa Catarina,24.48,11.6,111
903,19,49,Santiago,23.71,10.41,150
904,19,50,Vallecillo,27.8,17.5,622
905,19,51,Villaldama,25.8,14.85,248
906,20,1,Abejones,25.25,10.84,406
907,20,2,Acatlán de Pérez Figueroa,30.72,21.77,937
908,20,3,Asunción Cacalotepec,26.87,14.42,905
909,20,4,Asunción Cuyotepeji,27.52,12.36,163
910,20,5,Asunción Ixtaltepec,32.82,22.6,822
911,20,6,Asunción Nochixtlán,25.75,11.34,732
912,20,7,Asunción Ocotlán,29.46,16.19,195
913,20,8,Asunción Tlacolulita,30.99,18.79,664
914,20,9,Ayotzintepec,29.52,19.01,10
915,20,10,El Barrio de la Soledad,31.45,21.36,818
916,20,11,Calihualá,28.56,14.4,388
917,20,12,Candelaria Loxicha,30.16,18.5,375
918,20,13,Ciénega de Zimatlán,27.67,12.57,267
919,20,14,Ciudad Ixtepec,32.93,22.17,692
920,20,15,Coatecas Altas,28.25,13.38,252
921,20,16,Coicoyán de las Flores,26.31,14.8,17
922,20,17,La Compañía,27.95,12.91,519
923,20,18,Concepción Buenavista,27.0,12.08,640
924,20,19,Concepción Pápalo,27.17,13.51,657
925,20,20,Constancia del Rosario,27.49,15.51,457
926,20,21,Cosolapa,31.48,21.13,434
927,20,22,Cosoltepec,29.12,14.43,395
928,20,23,Cuilápam de Guerrero,27.23,12.15,361
929,20,24,Cuyamecalco Villa de Zaragoza,27.27,14.12,529
930,20,25,Chahuites,35.41,25.31,421
931,20,26,Chalcatongo de Hidalgo,25.85,12.65,676
932,20,27,Chiquihuitlán de Benito Juárez,26.1,14.2,101
933,20,28,Heroica Ciudad de Ejutla de Crespo,28.21,13.29,349
934,20,29,Eloxochitlán de Flores Magón,27.49,15.34,10
935,20,30,El Espinal,33.52,23.77,490
936,20,31,Tamazulápam del Espíritu Santo,25.85,13.42,815
937,20,32,Fresnillo de Trujano,30.82,16.49,783
938,20,33,Guadalupe Etla,27.05,11.25,261
939,20,34,Guadalupe de Ramírez,29.98,15.35,497
940,20,35,Guelatao de Juárez,24.48,9.79,918
941,20,36,Guevea de Humboldt,30.55,18.93,121
942,20,37,Mesones Hidalgo,29.34,17.29,313
943,20,38,Villa Hidalgo,26.584,10.336,654
944,20,39,Heroica Ciudad de Huajuapan de León,28.87,13.65,118
945,20,40,Huautepec,26.62,14.75,467
946,20,41,Huautla de Jiménez,27.21,15.5,538
947,20,42,Ixtlán de Juárez,26.38,13.69,551
948,20,43,Heroica Ciudad de Juchitán de Zaragoza,33.46,25.09,32
949,20,44,Loma Bonita,29.48,21.51,284
950,20,45,Magdalena Apasco,27.05,10.8,325
951,20,46,Magdalena Jaltepec,26.57,11.94,387
952,20,47,Santa Magdalena Jicotlán,26.58,11.42,536
953,20,48,Magdalena Mixtepec,26.8,11.53,882
954,20,49,Magdalena Ocotlán,28.2,13.26,161
955,20,50,Magdalena Peñasco,25.64,10.13,797
956,20,51,Magdalena Teitipac,27.14,12.55,443
957,20,52,Magdalena Tequisistlán,31.66,18.49,985
958,20,53,Magdalena Tlacotepec,34.3,21.13,203
959,20,54,Magdalena Zahuatlán,25.8,11.06,71
960,20,55,Mariscala de Juárez,30.3,15.54,701
961,20,56,Mártires de Tacubaya,32.38,21.05,320
962,20,57,Matías Romero Avendaño,30.18,21.61,916
963,20,58,Mazatlán Villa de Flores,27.83,14.61,236
964,20,59,Miahuatlán de Porfirio Díaz,27.08,12.56,697
965,20,60,Mixistlán de la Reforma,25.4,12.99,418
966,20,61,Monjas,27.26,12.52,951
967,20,62,Natividad,24.5,10.06,550
968,20,63,Nazareno Etla,27.05,11.1,643
969,20,64,Nejapa de Madero,30.05,16.48,730
970,20,65,Ixpantepec Nieves,27.01,13.49,314
971,20,66,Santiago Niltepec,35.85,23.86,810
972,20,67,Oaxaca de Juárez,26.76,11.47,375
973,20,68,Ocotlán de Morelos,28.12,13.03,20
974,20,69,La Pe,28.09,13.03,354
975,20,70,Pinotepa de Don Luis,31.86,20.21,283
976,20,71,Pluma Hidalgo,29.23,17.95,881
977,20,72,San José del Progreso,28.2,13.29,440
978,20,73,Putla Villa de Guerrero,27.57,15.24,190
979,20,74,Santa Catarina Quioquitani,24.04,10.36,33
980,20,75,Reforma de Pineda,35.9,24.38,171
981,20,76,La Reforma,30.21,17.94,326
982,20,77,Reyes Etla,27.05,11.1,625
983,20,78,Rojas de Cuauhtémoc,26.78,11.97,209
984,20,79,Salina Cruz,33.8,24.19,926
985,20,80,San Agustín Amatengo,27.93,13.0,309
986,20,81,San Agustín Atenango,27.7,13.39,574
987,20,82,San Agustín Chayuco,31.08,18.83,483
988,20,83,San Agustín de las Juntas,26.98,12.02,305
989,20,84,San Agustín Etla,26.62,10.77,916
990,20,85,San Agustín Loxicha,29.0,17.39,97
991,20,86,San Agustín Tlacotepec,25.7,10.7,187
992,20,87,San Agustín Yatareni,26.35,11.23,102
993,20,88,San Andrés Cabecera Nueva,28.52,15.71,134
994,20,89,San Andrés Dinicuiti,27.83,12.2,449
995,20,90,San Andrés Huaxpaltepec,32.35,20.36,890
996,20,91,San Andrés Huayápam,26.35,11.23,361
997,20,92,San Andrés Ixtlahuaca,26.9,11.39,748
998,20,93,San Andrés Lagunas,26.3,10.59,649
999,20,94,San Andrés Nuxiño,26.6,12.1,743
1000,20,95,San Andrés Paxtlán,25.63,12.33,194
1001,20,96,San Andrés Sinaxtla,25.06,9.89,439
1002,20,97,San Andrés Solaga,24.95,12.21,316
1003,20,98,San Andrés Teotilálpam,27.53,16.67,981
1004,20,99,San Andrés Tepetlapa,29.66,15.39,18
1005,20,100,San Andrés Yaá,25.38,13.12,916
1006,20,101,San Andrés Zabache,27.86,12.83,66
1007,20,102,San Andrés Zautla,26.95,11.39,375
1008,20,103,San Antonino Castillo Velasco,28.02,13.05,780
1009,20,104,San Antonino el Alto,26.33,11.04,485
1010,20,105,San Antonino Monte Verde,27.57,11.52,618
1011,20,106,San Antonio Acutla,26.9,11.5,209
1012,20,107,San Antonio de la Cal,26.75,11.72,238
1013,20,108,San Antonio Huitepec,26.32,11.3,786
1014,20,109,San Antonio Nanahuatípam,28.2,14.2,205
1015,20,110,San Antonio Sinicahua,25.38,11.12,219
1016,20,111,San Antonio Tepetlapa,30.58,20.05,107
1017,20,112,San Baltazar Chichicápam,27.84,13.32,582
1018,20,113,San Baltazar Loxicha,29.61,17.41,419
1019,20,114,San Baltazar Yatzachi el Bajo,25.07,12.28,631
1020,20,115,San Bartolo Coyotepec,27.24,12.3,690
1021,20,116,San Bartolomé Ayautla,27.14,16.62,50
1022,20,117,San Bartolomé Loxicha,29.82,18.82,703
1023,20,118,San Bartolomé Quialana,26.97,12.45,346
1024,20,119,San Bartolomé Yucuañe,26.05,10.92,379
1025,20,120,San Bartolomé Zoogocho,24.5,11.5,515
1026,20,121,San Bartolo Soyaltepec,24.99,10.04,414
1027,20,122,San Bartolo Yautepec,29.2,15.68,983
1028,20,123,San Bernardo Mixtepec,27.08,11.83,234
1029,20,124,San Blas Atempa,33.84,23.6,550
1030,20,125,San Carlos Yautepec,28.8,16.06,404
1031,20,126,San Cristóbal Amatlán,24.7,10.79,360
1032,20,127,San Cristóbal Amoltepec,25.73,9.89,786
1033,20,128,San Cristóbal Lachirioag,25.71,13.55,296
1034,20,129,San Cristóbal Suchixtlahuaca,25.47,10.72,63
1035,20,130,San Dionisio del Mar,34.12,25.79,439
1036,20,131,San Dionisio Ocotepec,28.6,14.21,162
1037,20,132,San Dionisio Ocotlán,28.08,13.19,292
1038,20,133,San Esteban Atatlahuca,24.7,12.31,27
1039,20,134,San Felipe Jalapa de Díaz,28.5,19.59,19
1040,20,135,San Felipe Tejalápam,26.95,11.41,213
1041,20,136,San Felipe Usila,27.62,15.74,181
1042,20,137,San Francisco Cahuacuá,26.44,12.8,450
1043,20,138,San Francisco Cajonos,24.95,11.93,181
1044,20,139,San Francisco Chapulapa,26.6,14.18,470
1045,20,140,San Francisco Chindúa,25.76,10.8,11
1046,20,141,San Francisco del Mar,34.56,25.88,566
1047,20,142,San Francisco Huehuetlán,27.55,14.69,984
1048,20,143,San Francisco Ixhuatán,35.75,25.03,94
1049,20,144,San Francisco Jaltepetongo,26.14,11.39,199
1050,20,145,San Francisco Lachigoló,26.59,11.82,387
1051,20,146,San Francisco Logueche,25.17,11.16,896
1052,20,147,San Francisco Nuxaño,25.97,10.9,25
1053,20,148,San Francisco Ozolotepec,26.83,15.49,185
1054,20,149,San Francisco Sola,27.88,12.91,976
1055,20,150,San Francisco Telixtlahuaca,26.46,11.88,250
1056,20,151,San Francisco Teopan,26.97,11.75,406
1057,20,152,San Francisco Tlapancingo,27.71,14.19,191
1058,20,153,San Gabriel Mixtepec,30.23,18.49,539
1059,20,154,San Ildefonso Amatlán,24.99,11.08,192
1060,20,155,San Ildefonso Sola,27.6,12.4,432
1061,20,156,San Ildefonso Villa Alta,26.09,14.15,19
1062,20,157,San Jacinto Amilpas,26.92,11.53,252
1063,20,158,San Jacinto Tlacotepec,28.81,15.3,908
1064,20,159,San Jerónimo Coatlán,28.59,15.36,51
1065,20,160,San Jerónimo Silacayoapilla,29.13,14.02,701
1066,20,161,San Jerónimo Sosola,26.1,12.33,796
1067,20,162,San Jerónimo Taviche,28.08,13.38,796
1068,20,163,San Jerónimo Tecóatl,27.8,14.66,909
1069,20,164,San Jorge Nuchita,29.29,14.8,90
1070,20,165,San José Ayuquila,30.23,15.66,456
1071,20,166,San José Chiltepec,30.01,20.74,921
1072,20,167,San José del Peñasco,25.51,11.12,329
1073,20,168,San José Estancia Grande,31.67,22.6,241
1074,20,169,San José Independencia,28.7,19.75,958
1075,20,170,San José Lachiguiri,25.36,11.71,716
1076,20,171,San José Tenango,28.05,18.23,80
1077,20,172,San Juan Achiutla,25.88,10.25,359
1078,20,173,San Juan Atepec,24.63,10.93,22
1079,20,174,Ánimas Trujano,26.98,12.02,542
1080,20,175,San Juan Bautista Atatlahuca,26.2,11.66,21
1081,20,176,San Juan Bautista Coixtlahuaca,24.78,10.78,732
1082,20,177,San Juan Bautista Cuicatlán,27.32,13.19,966
1083,20,178,San Juan Bautista Guelache,27.1,10.5,316
1084,20,179,San Juan Bautista Jayacatlán,26.51,11.11,514
1085,20,180,San Juan Bautista Lo de Soto,32.88,21.73,680
1086,20,181,San Juan Bautista Suchitepec,27.46,12.51,369
1087,20,182,San Juan Bautista Tlacoatzintepec,27.34,15.39,385
1088,20,183,San Juan Bautista Tlachichilco,29.03,14.83,46
1089,20,184,San Juan Bautista Tuxtepec,29.9,21.42,566
1090,20,185,San Juan Cacahuatepec,31.23,20.04,785
1091,20,186,San Juan Cieneguilla,30.75,16.53,844
1092,20,187,San Juan Coatzóspam,26.95,15.91,469
1093,20,188,San Juan Colorado,30.93,19.37,419
1094,20,189,San Juan Comaltepec,27.26,15.65,502
1095,20,190,San Juan Cotzocón,29.65,19.51,75
1096,20,191,San Juan Chicomezúchil,24.47,9.59,114
1097,20,192,San Juan Chilateca,27.7,12.82,797
1098,20,193,San Juan del Estado,26.79,10.61,487
1099,20,194,San Juan del Río,26.19333333333333,11.523333333333332,564
1100,20,195,San Juan Diuxi,26.15,11.02,63
1101,20,196,San Juan Evangelista Analco,24.45,10.0,343
1102,20,197,San Juan Guelavía,26.7,12.06,776
1103,20,198,San Juan Guichicovi,30.03,20.79,50
1104,20,199,San Juan Ihualtepec,30.38,15.85,749
1105,20,200,San Juan Juquila Mixes,28.58,15.22,44
1106,20,201,San Juan Juquila Vijanos,24.78,11.52,227
1107,20,202,San Juan Lachao,28.66,15.99,843
1108,20,203,San Juan Lachigalla,28.48,13.8,613
1109,20,204,San Juan Lajarcia,29.72,15.89,566
1110,20,205,San Juan Lalana,29.03,19.26,84
1111,20,206,San Juan de los Cués,28.95,14.64,857
1112,20,207,San Juan Mazatlán,29.75,19.51,636
1113,20,208,San Juan Mixtepec,25.1,11.15,137
1114,20,210,San Juan Ñumí,26.93,11.32,921
1115,20,211,San Juan Ozolotepec,26.71,15.35,237
1116,20,212,San Juan Petlapa,27.09,16.18,390
1117,20,213,San Juan Quiahije,27.75,15.78,483
1118,20,214,San Juan Quiotepec,26.03,12.38,508
1119,20,215,San Juan Sayultepec,25.41,10.35,835
1120,20,216,San Juan Tabaá,25.06,12.49,789
1121,20,217,San Juan Tamazola,27.12,11.89,311
1122,20,218,San Juan Teita,26.44,11.97,26
1123,20,219,San Juan Teitipac,27.16,12.43,409
1124,20,220,San Juan Tepeuxila,26.74,12.54,156
1125,20,221,San Juan Teposcolula,25.6,10.27,780
1126,20,222,San Juan Yaeé,25.99,13.34,918
1127,20,223,San Juan Yatzona,25.84,13.62,233
1128,20,224,San Juan Yucuita,24.9,9.98,951
1129,20,225,San Lorenzo,31.6,19.62,663
1130,20,226,San Lorenzo Albarradas,27.51,13.48,22
1131,20,227,San Lorenzo Cacaotepec,27.06,11.41,744
1132,20,228,San Lorenzo Cuaunecuiltitla,27.48,15.12,891
1133,20,229,San Lorenzo Texmelúcan,28.47,13.92,553
1134,20,230,San Lorenzo Victoria,28.55,14.28,89
1135,20,231,San Lucas Camotlán,29.19,16.92,227
1136,20,232,San Lucas Ojitlán,29.71,20.36,347
1137,20,233,San Lucas Quiaviní,27.38,12.88,53
1138,20,234,San Lucas Zoquiápam,27.81,14.78,390
1139,20,235,San Luis Amatlán,27.32,12.99,173
1140,20,236,San Marcial Ozolotepec,26.93,15.61,529
1141,20,237,San Marcos Arteaga,29.05,13.91,338
1142,20,238,San Martín de los Cansecos,28.17,13.16,804
1143,20,239,San Martín Huamelúlpam,26.16,10.49,997
1144,20,240,San Martín Itunyoso,25.83,12.21,525
1145,20,241,San Martín Lachilá,27.86,12.83,678
1146,20,242,San Martín Peras,25.91,13.65,308
1147,20,243,San Martín Tilcajete,27.68,12.68,279
1148,20,244,San Martín Toxpalan,28.45,14.55,600
1149,20,245,San Martín Zacatepec,30.22,15.2,766
1150,20,246,San Mateo Cajonos,25.25,12.32,424
1151,20,247,Capulálpam de Méndez,24.5,10.06,501
1152,20,248,San Mateo del Mar,32.74,25.86,92
1153,20,249,San Mateo Yoloxochitlán,27.35,15.18,371
1154,20,250,San Mateo Etlatongo,25.8,11.06,631
1155,20,251,San Mateo Nejápam,29.68,15.46,651
1156,20,252,San Mateo Peñasco,25.95,11.29,444
1157,20,253,San Mateo Piñas,27.89,17.23,387
1158,20,254,San Mateo Río Hondo,26.06,13.66,447
1159,20,255,San Mateo Sindihui,26.74,12.42,354
1160,20,256,San Mateo Tlapiltepec,26.14,11.26,713
1161,20,257,San Melchor Betaza,25.2,12.68,598
1162,20,258,San Miguel Achiutla,25.89,10.3,444
1163,20,259,San Miguel Ahuehuetitlán,29.76,15.37,116
1164,20,260,San Miguel Aloápam,25.7,10.68,720
1165,20,261,San Miguel Amatitlán,30.27,15.53,138
1166,20,262,San Miguel Amatlán,25.25,10.87,433
1167,20,263,San Miguel Coatlán,27.18,14.18,670
1168,20,264,San Miguel Chicahua,25.21,10.91,616
1169,20,265,San Miguel Chimalapa,32.49,21.2,924
1170,20,266,San Miguel del Puerto,29.42,20.06,571
1171,20,267,San Miguel del Río,24.64,9.36,501
1172,20,268,San Miguel Ejutla,28.14,13.22,379
1173,20,269,San Miguel el Grande,25.08,11.93,835
1174,20,270,San Miguel Huautla,26.3,12.29,31
1175,20,271,San Miguel Mixtepec,27.0,11.64,361
1176,20,272,San Miguel Panixtlahuaca,29.05,17.68,281
1177,20,273,San Miguel Peras,26.46,10.89,789
1178,20,274,San Miguel Piedras,27.24,12.06,276
1179,20,275,San Miguel Quetzaltepec,28.5,16.0,604
1180,20,276,San Miguel Santa Flor,26.69,13.34,140
1181,20,277,Villa Sola de Vega,27.48,12.91,433
1182,20,278,San Miguel Soyaltepec,29.75,21.87,756
1183,20,279,San Miguel Suchixtepec,26.09,14.13,949
1184,20,280,Villa Talea de Castro,25.39,12.82,456
1185,20,281,San Miguel Tecomatlán,25.8,11.06,871
1186,20,282,San Miguel Tenango,32.18,19.8,889
1187,20,283,San Miguel Tequixtepec,25.26,11.26,642
1188,20,284,San Miguel Tilquiápam,27.82,13.23,826
1189,20,285,San Miguel Tlacamama,31.8,21.03,103
1190,20,286,San Miguel Tlacotepec,26.28,12.86,103
1191,20,287,San Miguel Tulancingo,25.98,11.09,480
1192,20,288,San Miguel Yotao,24.88,11.55,116
1193,20,289,San Nicolás,26.73,14.545,745
1194,20,290,San Nicolás Hidalgo,30.32,15.58,771
1195,20,291,San Pablo Coatlán,28.4,15.22,37
1196,20,292,San Pablo Cuatro Venados,26.99,11.6,877
1197,20,293,San Pablo Etla,26.88,11.26,165
1198,20,294,San Pablo Huitzo,26.86,11.14,118
1199,20,295,San Pablo Huixtepec,27.86,12.69,66
1200,20,296,San Pablo Macuiltianguis,24.76,11.36,273
1201,20,297,San Pablo Tijaltepec,25.96,12.19,129
1202,20,298,San Pablo Villa de Mitla,26.46,12.54,318
1203,20,299,San Pablo Yaganiza,25.2,12.0,281
1204,20,300,San Pedro Amuzgos,30.55,19.27,517
1205,20,301,San Pedro Apóstol,28.4,13.1,552
1206,20,302,San Pedro Atoyac,30.29,19.55,266
1207,20,303,San Pedro Cajonos,25.2,12.0,467
1208,20,304,San Pedro Coxcaltepec Cántaros,25.59,11.59,880
1209,20,305,San Pedro Comitancillo,34.19,22.28,235
1210,20,306,San Pedro el Alto,26.87,14.92,158
1211,20,307,San Pedro Huamelula,31.25,22.75,543
1212,20,308,San Pedro Huilotepec,33.65,24.34,772
1213,20,309,San Pedro Ixcatlán,28.81,20.57,330
1214,20,310,San Pedro Ixtlahuaca,27.03,11.79,396
1215,20,311,San Pedro Jaltepetongo,27.23,13.15,950
1216,20,312,San Pedro Jicayán,31.13,20.29,433
1217,20,313,San Pedro Jocotipac,27.03,12.91,581
1218,20,314,San Pedro Juchatengo,27.7,14.05,43
1219,20,315,San Pedro Mártir,28.19,13.17,718
1220,20,316,San Pedro Mártir Quiechapa,26.25,12.9,531
1221,20,317,San Pedro Mártir Yucuxaco,26.56,10.75,131
1222,20,318,San Pedro Mixtepec Dto. 22,30.01,20.55,414
1223,20,319,San Pedro Mixtepec Dto. 26,24.93,12.13,931
1224,20,320,San Pedro Molinos,25.51,11.47,496
1225,20,321,San Pedro Nopala,27.17,11.73,853
1226,20,322,San Pedro Ocopetatillo,27.48,15.12,689
1227,20,323,San Pedro Ocotepec,28.05,15.27,725
1228,20,324,San Pedro Pochutla,31.95,21.36,442
1229,20,325,San Pedro Quiatoni,29.3,15.12,756
1230,20,326,San Pedro Sochiápam,26.99,13.86,597
1231,20,327,San Pedro Tapanatepec,34.85,25.13,846
1232,20,328,San Pedro Taviche,28.23,13.6,923
1233,20,329,San Pedro Teozacoalco,27.18,12.33,689
1234,20,330,San Pedro Teutila,27.23,16.14,957
1235,20,331,San Pedro Tidaá,25.94,10.64,115
1236,20,332,San Pedro Topiltepec,25.55,10.31,669
1237,20,333,San Pedro Totolápam,28.71,14.63,492
1238,20,334,Villa de Tututepec,31.27,21.38,94
1239,20,335,San Pedro Yaneri,25.1,11.64,421
1240,20,336,San Pedro Yólox,25.67,12.6,333
1241,20,337,San Pedro y San Pablo Ayutla,25.83,12.8,914
1242,20,338,Villa de Etla,27.05,11.1,623
1243,20,339,San Pedro y San Pablo Teposcolula,25.99,10.26,703
1244,20,340,San Pedro y San Pablo Tequixtepec,28.33,13.58,177
1245,20,341,San Pedro Yucunama,26.07,10.27,554
1246,20,342,San Raymundo Jalpan,27.42,12.42,358
1247,20,343,San Sebastián Abasolo,26.59,11.82,391
1248,20,344,San Sebastián Coatlán,29.22,16.92,681
1249,20,345,San Sebastián Ixcapa,31.53,20.79,383
1250,20,346,San Sebastián Nicananduta,26.82,10.89,104
1251,20,347,San Sebastián Río Hondo,24.93,11.86,433
1252,20,348,San Sebastián Tecomaxtlahuaca,25.97,13.11,175
1253,20,349,San Sebastián Teitipac,27.06,12.19,105
1254,20,350,San Sebastián Tutla,26.53,11.63,765
1255,20,351,San Simón Almolongas,27.73,13.0,252
1256,20,352,San Simón Zahuatlán,30.09,15.11,487
1257,20,353,Santa Ana,26.98,12.7,898
1258,20,354,Santa Ana Ateixtlahuaca,27.48,15.12,60
1259,20,355,Santa Ana Cuauhtémoc,26.52,13.86,933
1260,20,356,Santa Ana del Valle,26.2,11.85,170
1261,20,357,Santa Ana Tavela,29.93,16.03,883
1262,20,358,Santa Ana Tlapacoyan,27.38,12.27,379
1263,20,359,Santa Ana Yareni,25.18,10.3,90
1264,20,360,Santa Ana Zegache,27.93,12.81,351
1265,20,361,Santa Catalina Quierí,24.34,10.98,337
1266,20,362,Santa Catarina Cuixtla,26.82,12.27,274
1267,20,363,Santa Catarina Ixtepeji,25.36,10.13,69
1268,20,364,Santa Catarina Juquila,28.99,17.45,855
1269,20,365,Santa Catarina Lachatao,24.93,10.0,389
1270,20,366,Santa Catarina Loxicha,28.77,16.01,337
1271,20,367,Santa Catarina Mechoacán,32.34,20.11,344
1272,20,368,Santa Catarina Minas,27.74,13.13,381
1273,20,369,Santa Catarina Quiané,27.67,12.57,497
1274,20,370,Santa Catarina Tayata,25.77,9.98,737
1275,20,371,Santa Catarina Ticuá,25.45,11.92,238
1276,20,372,Santa Catarina Yosonotú,25.28,12.91,11
1277,20,373,Santa Catarina Zapoquila,26.95,11.93,268
1278,20,374,Santa Cruz Acatepec,27.52,14.92,204
1279,20,375,Santa Cruz Amilpas,26.75,11.72,684
1280,20,376,Santa Cruz de Bravo,28.35,14.22,402
1281,20,377,Santa Cruz Itundujia,29.16,16.02,198
1282,20,378,Santa Cruz Mixtepec,26.98,11.71,273
1283,20,379,Santa Cruz Nundaco,25.04,11.77,665
1284,20,380,Santa Cruz Papalutla,26.88,12.07,173
1285,20,381,Santa Cruz Tacache de Mina,30.32,15.58,551
1286,20,382,Santa Cruz Tacahua,26.34,12.92,761
1287,20,383,Santa Cruz Tayata,25.8,10.07,934
1288,20,384,Santa Cruz Xitla,27.32,12.66,866
1289,20,385,Santa Cruz Xoxocotlán,27.1,12.1,610
1290,20,386,Santa Cruz Zenzontepec,29.05,16.64,995
1291,20,387,Santa Gertrudis,28.07,12.8,694
1292,20,388,Santa Inés del Monte,27.25,12.0,434
1293,20,389,Santa Inés Yatzeche,28.22,13.05,45
1294,20,390,Santa Lucía del Camino,26.75,11.72,861
1295,20,391,Santa Lucía Miahuatlán,26.31,13.3,49
1296,20,392,Santa Lucía Monteverde,25.99,13.84,848
1297,20,393,Santa Lucía Ocotlán,28.19,13.17,109
1298,20,394,Santa María Alotepec,27.86,15.57,779
1299,20,395,Santa María Apazco,26.28,12.41,587
1300,20,396,Santa María la Asunción,26.81,14.98,119
1301,20,397,Heroica Ciudad de Tlaxiaco,25.51,10.96,795
1302,20,398,Ayoquezco de Aldama,27.6,12.51,909
1303,20,399,Santa María Atzompa,27.06,11.62,494
1304,20,400,Santa María Camotlán,27.8,12.5,467
1305,20,401,Santa María Colotepec,30.73,21.86,628
1306,20,402,Santa María Cortijo,31.97,22.48,688
1307,20,403,Santa María Coyotepec,27.24,12.3,115
1308,20,404,Santa María Chachoápam,24.87,9.62,62
1309,20,405,Villa de Chilapa de Díaz,27.1,11.27,457
1310,20,406,Santa María Chilchotla,28.66,18.3,556
1311,20,407,Santa María Chimalapa,29.84,20.68,266
1312,20,408,Santa María del Rosario,25.92,10.27,638
1313,20,409,Santa María del Tule,26.53,11.63,391
1314,20,410,Santa María Ecatepec,29.82,17.54,793
1315,20,411,Santa María Guelacé,26.59,11.82,883
1316,20,412,Santa María Guienagati,31.56,19.46,334
1317,20,413,Santa María Huatulco,30.87,21.77,41
1318,20,414,Santa María Huazolotitlán,32.35,22.28,689
1319,20,415,Santa María Ipalapa,30.23,19.06,869
1320,20,416,Santa María Ixcatlán,26.63,12.65,685
1321,20,417,Santa Marí Jacatepec,30.01,20.2,453
1322,20,418,Santa María Jalapa del Marqués,33.46,19.7,303
1323,20,419,Santa Marí Jaltianguis,24.46,9.97,132
1324,20,420,Santa María Lachixío,26.48,10.91,867
1325,20,421,Santa Marí Mixtequilla,34.66,21.51,304
1326,20,422,Santa Marí Nativitas,24.82,10.18,202
1327,20,423,Santa Marí Nduayaco,25.9,10.12,544
1328,20,424,Santa Marí Ozolotepec,25.75,14.21,198
1329,20,425,Santa Marí Pápalo,26.84,12.79,85
1330,20,426,Santa María Peñoles,26.79,10.94,655
1331,20,427,Santa Marí Petapa,30.83,20.91,420
1332,20,428,Santa Marí Quiegolani,26.72,13.99,507
1333,20,429,Santa Marí Sola,27.89,12.55,613
1334,20,430,Santa Marí Tataltepec,26.54,11.67,434
1335,20,431,Santa María Tecomavaca,28.15,13.92,427
1336,20,432,Santa Marí Temaxcalapa,26.14,14.15,977
1337,20,433,Santa Marí Temaxcaltepec,29.36,17.22,477
1338,20,434,Santa Marí Teopoxco,27.8,14.66,362
1339,20,435,Santa María Tepantlali,26.31,13.64,682
1340,20,436,Santa Marí Texcatitlán,27.13,13.12,171
1341,20,437,Santa Marí Tlahuitoltepec,25.54,13.16,313
1342,20,438,Santa Marí Tlalixtac,26.69,13.68,536
1343,20,439,Santa María Tonameca,32.09,22.29,701
1344,20,440,Santa Marí Totolapilla,31.98,18.36,542
1345,20,441,Santa Marí Xadani,33.18,24.9,885
1346,20,442,Santa Marí Yalina,24.5,11.5,912
1347,20,443,Santa Marí Yavesía,24.96,10.69,203
1348,20,444,Santa Marí Yolotepec,26.49,13.17,621
1349,20,445,Santa Marí Yosoyúa,25.88,11.47,288
1350,20,446,Santa Marí Yucuhiti,25.26,13.69,471
1351,20,447,Santa María Zacatepec,30.1,17.85,345
1352,20,448,Santa Marí Zaniza,28.08,14.23,569
1353,20,449,Santa Marí Zoquitlán,27.73,13.88,536
1354,20,450,Santiago Amoltepec,29.15,15.79,770
1355,20,451,Santiago Apoala,25.75,11.63,820
1356,20,452,Santiago Apóstol,28.12,13.05,989
1357,20,453,Santiago Astata,31.87,23.66,483
1358,20,454,Santiago Atitlán,26.8,14.64,516
1359,20,455,Santiago Ayuquililla,30.34,15.72,366
1360,20,456,Santiago Cacaloxtepec,28.8,13.2,940
1361,20,457,Santiago Camotlán,27.18,15.71,112
1362,20,458,Santiago Comaltepec,27.02,14.47,863
1363,20,459,Santiago Chazumba,28.86,14.11,48
1364,20,460,Santiago Choápam,27.92,17.04,378
1365,20,461,Santiago del Río,26.24,13.38,843
1366,20,462,Santiago Huajolotitlán,28.01,12.48,903
1367,20,463,Santiago Huauclilla,25.88,12.16,158
1368,20,464,Santiago Ihuitlán Plumas,26.23,11.48,926
1369,20,465,Santiago Ixcuintepec,29.82,18.05,77
1370,20,466,Santiago Ixtayutla,30.19,17.58,278
1371,20,467,Santiago Jamiltepec,31.8,21.81,330
1372,20,468,Santiago Jocotepec,28.88,19.19,400
1373,20,469,Santiago Juxtlahuaca,26.7,14.03,716
1374,20,470,Santiago Lachiguiri,30.89,18.51,966
1375,20,471,Santiago Lalopa,25.65,13.1,903
1376,20,472,Santiago Laollaga,33.18,20.81,199
1377,20,473,Santiago Laxopa,24.88,11.4,467
1378,20,474,Santiago Llano Grande,32.65,21.65,948
1379,20,475,Santiago Matatlán,27.68,13.23,266
1380,20,476,Santiago Miltepec,28.44,13.38,282
1381,20,477,Santiago Minas,27.86,14.81,62
1382,20,478,Santiago Nacaltepec,26.21,11.91,405
1383,20,479,Santiago Nejapilla,25.68,10.28,185
1384,20,480,Santiago Nundiche,26.11,10.59,495
1385,20,481,Santiago Nuyoó,24.46,13.02,954
1386,20,482,Santiago Pinotepa Nacional,32.1,22.41,698
1387,20,483,Santiago Suchilquitongo,26.83,11.52,817
1388,20,484,Santiago Tamazola,29.93,15.46,919
1389,20,485,Santiago Tapextla,31.62,23.89,636
1390,20,486,Villa Tejúpam de la Unión,26.11,10.78,253
1391,20,487,Santiago Tenango,26.42,12.49,600
1392,20,488,Santiago Tepetlapa,25.6,11.11,548
1393,20,489,Santiago Tetepec,30.99,19.26,362
1394,20,490,Santiago Texcalcingo,27.42,14.15,487
1395,20,491,Santiago Textitlán,26.89,12.83,554
1396,20,492,Santiago Tilantongo,26.6,11.69,639
1397,20,493,Santiago Tillo,25.41,10.35,543
1398,20,494,Santiago Tlazoyaltepec,26.77,10.98,376
1399,20,495,Santiago Xanica,27.62,17.31,839
1400,20,496,Santiago Xiacuí,24.63,10.63,249
1401,20,497,Santiago Yaitepec,28.58,16.69,895
1402,20,498,Santiago Yaveo,29.59,20.44,925
1403,20,499,Santiago Yolomécatl,26.26,10.46,761
1404,20,500,Santiago Yosondúa,26.98,13.85,883
1405,20,501,Santiago Yucuyachi,28.85,14.59,971
1406,20,502,Santiago Zacatepec,27.54,15.53,428
1407,20,503,Santiago Zoochila,24.95,11.93,795
1408,20,504,Nuevo Zoquiápam,25.62,10.0,837
1409,20,505,Santo Domingo Ingenio,34.44,23.46,839
1410,20,506,Santo Domingo Albarradas,25.4,12.3,115
1411,20,507,Santo Domingo Armenta,31.25,23.54,918
1412,20,508,Santo Domingo Chihuitán,33.32,21.87,658
1413,20,509,Santo Domingo de Morelos,31.65,20.71,760
1414,20,510,Santo Domingo Ixcatlán,26.59,13.46,405
1415,20,511,Santo Domingo Nuxaá,26.69,11.69,54
1416,20,512,Santo Domingo Ozolotepec,24.93,12.55,415
1417,20,513,Santo Domingo Petapa,30.81,20.06,504
1418,20,514,Santo Domingo Roayaga,26.06,14.27,688
1419,20,515,Santo Domingo Tehuantepec,33.58,22.13,171
1420,20,516,Santo Domingo Teojomulco,28.4,14.15,517
1421,20,517,Santo Domingo Tepuxtepec,27.27,13.89,724
1422,20,518,Santo Domingo Tlatayápam,25.71,10.56,680
1423,20,519,Santo Domingo Tomaltepec,26.31,11.45,566
1424,20,520,Santo Domingo Tonalá,28.8,14.14,326
1425,20,521,Santo Domingo Tonaltepec,25.08,10.07,513
1426,20,522,Santo Domingo Xagacía,25.27,11.98,624
1427,20,523,Santo Domingo Yanhuitlán,25.23,9.88,584
1428,20,524,Santo Domingo Yodohino,27.7,11.93,51
1429,20,525,Santo Domingo Zanatepec,35.15,23.41,862
1430,20,526,Santos Reyes Nopala,30.1,18.67,569
1431,20,527,Santos Reyes Pápalo,27.28,13.15,409
1432,20,528,Santos Reyes Tepejillo,26.42,12.54,644
1433,20,529,Santos Reyes Yucuná,29.73,14.62,112
1434,20,530,Santo Tomás Jalieza,27.53,12.7,712
1435,20,531,Santo Tomás Mazaltepec,26.87,11.41,534
1436,20,532,Santo Tomás Ocotepec,24.86,12.63,393
1437,20,533,Santo Tomás Tamazulapan,26.33,12.37,317
1438,20,534,San Vicente Coatlán,27.67,13.14,385
1439,20,535,San Vicente Lachixío,27.32,11.92,28
1440,20,536,San Vicente Nuñú,25.76,10.31,126
1441,20,537,Silacayoápam,27.58,13.97,828
1442,20,538,Sitio de Xitlapehua,26.69,12.06,459
1443,20,539,Soledad Etla,27.06,11.41,181
1444,20,540,Villa de Tamazulápam del Progreso,26.99,11.37,790
1445,20,541,Tanetze de Zaragoza,25.44,12.56,678
1446,20,542,Taniche,28.11,13.18,648
1447,20,543,Tataltepec de Valdés,29.55,18.16,929
1448,20,544,Teococuilco de Marcos Pérez,25.77,10.15,722
1449,20,545,Teotitlán de Flores Magón,28.17,14.18,224
1450,20,546,Teotitlán del Valle,25.87,11.16,497
1451,20,547,Teotongo,26.98,11.42,374
1452,20,548,Tepelmeme Villa de Morelos,27.13,12.78,140
1453,20,549,Heroica Villa Tezoatlán de Segura y Luna,27.81,12.63,184
1454,20,550,San Jerónimo Tlacochahuaya,26.18,11.46,577
1455,20,551,Tlacolula de Matamoros,27.9,13.51,684
1456,20,552,Tlacotepec Plumas,26.51,11.45,632
1457,20,553,Tlalixtac de Cabrera,26.13,11.18,233
1458,20,554,Totontepec Villa de Morelos,26.15,14.11,612
1459,20,555,Trinidad Zaachila,27.67,12.57,381
1460,20,556,La Trinidad Vista Hermosa,26.9,11.5,582
1461,20,557,Unión Hidalgo,34.22,24.36,523
1462,20,558,Valerio Trujano,27.93,13.64,447
1463,20,559,San Juan Bautista Valle Nacional,29.1,17.59,16
1464,20,560,Villa Díaz Ordaz,25.65,11.63,670
1465,20,561,Yaxe,28.13,13.69,273
1466,20,562,Magdalena Yodocono de Porfirio Díaz,25.71,10.56,709
1467,20,563,Yogana,27.8,13.09,290
1468,20,564,Yutanduchi de Guerrero,27.57,12.49,858
1469,20,565,Villa de Zaachila,27.43,12.39,964
1470,20,566,San Mateo Yucutindoo,26.97,13.46,655
1471,20,567,Zapotitlán Lagunas,30.48,15.98,667
1472,20,568,Zapotitlán Palmas,29.02,13.88,390
1473,20,569,Santa Inés de Zaragoza,26.47,12.27,614
1474,20,570,Zimatlán de Álvarez,26.82,11.85,28
1475,21,1,Acajete,20.65,11.45,529
1476,21,2,Acateno,22.55,16.02,40
1477,21,4,Acatzingo,23.39,12.11,687
1478,21,5,Acteopan,24.3,13.6,695
1479,21,6,Ahuacatlán,25.055,13.085,328
1480,21,7,Ahuatlán,29.41,17.78,718
1481,21,8,Ahuazotepec,22.51,10.38,863
1482,21,9,Ahuehuetitla,31.61,18.12,140
1483,21,10,Ajalpan,26.01,13.79,200
1484,21,11,Albino Zertuche,31.88,17.43,217
1485,21,12,Aljojuca,21.89,11.22,358
1486,21,13,Altepexi,28.61,14.48,747
1487,21,14,Amixtlán,20.28,11.94,23
1488,21,15,Amozoc,22.12,12.68,499
1489,21,16,Aquixtla,22.38,8.98,537
1490,21,17,Atempan,18.63,9.23,963
1491,21,18,Atexcal,28.12,13.79,372
1492,21,19,Atlixco,20.58,11.42,198
1493,21,20,Atoyatempan,26.07,14.77,176
1494,21,21,Atzala,29.89,17.21,577
1495,21,22,Atzitzihuacán,22.95,12.73,301
1496,21,23,Atzitzintla,19.58,11.19,937
1497,21,24,Axutla,32.12,18.28,724
1498,21,25,Ayotoxco de Guerrero,21.15,13.98,765
1499,21,26,Calpan,16.59,7.15,561
1500,21,27,Caltepec,27.5,12.78,874
1501,21,28,Camocuautla,20.27,12.18,275
1502,21,29,Caxhuacan,20.56,12.5,464
1503,21,30,Coatepec,21.525,12.86,927
1504,21,31,Coatzingo,28.63,17.23,208
1505,21,32,Cohetzala,31.49,17.56,945
1506,21,33,Cohuecan,23.63,13.13,543
1507,21,34,Coronango,22.56,11.47,500
1508,21,35,Coxcatlán,26.255,15.295000000000002,889
1509,21,36,Coyomeapan,27.09,14.61,621
1510,21,37,Coyotepec,27.045,13.205,734
1511,21,38,Cuapiaxtla de Madero,24.29,13.73,393
1512,21,39,Cuautempan,20.33,10.43,520
1513,21,40,Cuautinchán,23.58,13.76,392
1514,21,41,Cuautlancingo,23.52,12.57,686
1515,21,42,Cuayuca de Andrade,30.0,17.75,120
1516,21,43,Cuetzalan del Progreso,20.58,12.51,183
1517,21,44,Cuyoaco,22.35,9.9,117
1518,21,45,Chalchicomula de Sesma,20.08,11.09,993
1519,21,46,Chapulco,24.31,12.61,649
1520,21,47,Chiautla,29.005,16.314999999999998,672
1521,21,48,Chiautzingo,17.0,6.52,538
1522,21,49,Chiconcuautla,21.1,11.03,168
1523,21,50,Chichiquila,23.49,13.73,555
1524,21,51,Chietla,30.13,17.16,706
1525,21,52,Chigmecatitlán,27.72,16.21,791
1526,21,53,Chignahuapan,23.55,8.97,690
1527,21,54,Chignautla,19.03,9.41,960
1528,21,55,Chila,29.34,14.8,848
1529,21,56,Chila de la Sal,32.4,18.01,618
1530,21,57,Honey,22.03,11.02,928
1531,21,58,Chilchotla,20.76,10.97,499
1532,21,59,Chinantla,31.82,18.52,780
1533,21,60,Domingo Arenas,17.68,7.67,336
1534,21,61,Eloxochitlán,24.595,13.915,341
1535,21,62,Epatlán,28.73,17.15,241
1536,21,63,Esperanza,20.87,11.78,859
1537,21,64,Francisco Z. Mena,23.43,18.68,250
1538,21,65,General Felipe Ángeles,22.29,11.88,361
1539,21,66,Guadalupe,26.325,12.6675,246
1540,21,67,Guadalupe Victoria,23.27,7.885,213
1541,21,68,Hermenegildo Galeana,20.86,13.96,88
1542,21,69,Huaquechula,24.48,13.97,23
1543,21,70,Huatlatlauca,27.57,16.1,288
1544,21,71,Huauchinango,21.52,11.79,406
1545,21,72,Huehuetla,21.575,14.72,689
1546,21,73,Huehuetlán el Chico,31.2,17.45,571
1547,21,74,Huejotzingo,17.59,7.57,331
1548,21,75,Hueyapan,19.62,11.04,406
1549,21,76,Hueytamalco,21.32,14.24,57
1550,21,77,Hueytlalpan,20.34,12.28,520
1551,21,78,Huitzilan de Serdán,20.18,10.46,443
1552,21,79,Huitziltepec,26.29,14.59,85
1553,21,80,Atlequizayan,20.14,11.43,61
1554,21,81,Ixcamilpa de Guerrero,31.27,17.31,853
1555,21,82,Ixcaquixtla,27.71,14.18,400
1556,21,83,Ixtacamaxtitlán,23.71,8.94,748
1557,21,84,Ixtepec,20.5,12.39,791
1558,21,85,Izúcar de Matamoros,30.32,17.61,298
1559,21,86,Jalpan,22.37,17.43,89
1560,21,87,Jolalpan,31.0,17.61,326
1561,21,88,Jonotla,20.63,12.6,679
1562,21,89,Jopala,21.36,15.49,838
1563,21,90,Juan C. Bonilla,20.47,10.59,250
1564,21,91,Juan Galindo,21.25,12.71,298
1565,21,92,Juan N. Méndez,26.61,13.48,424
1566,21,93,Lafragua,20.48,10.51,421
1567,21,94,Libres,24.37,10.13,405
1568,21,95,La Magdalena Tlatlauquitepec,27.65,16.19,977
1569,21,96,Mazapiltepec de Juárez,23.24,11.45,297
1570,21,97,Mixtla,24.41,13.93,959
1571,21,98,Molcaxac,26.71,14.56,141
1572,21,99,Cañada Morelos,23.24,12.61,747
1573,21,100,Naupan,21.7,12.66,898
1574,21,101,Nauzontla,19.92,10.78,11
1575,21,102,Nealtican,17.37,8.37,15
1576,21,103,Nicolás Bravo,24.3,12.35,166
1577,21,104,Nopalucan,23.08,10.81,746
1578,21,106,Ocoyucan,23.61,13.66,547
1579,21,107,Olintla,20.93,14.07,831
1580,21,108,Oriental,23.74,11.24,239
1581,21,109,Pahuatlán,21.81,12.14,453
1582,21,110,Palmar de Bravo,22.65,12.58,526
1583,21,112,Petlalcingo,29.79,15.55,920
1584,21,113,Piaxtla,31.68,18.17,280
1585,21,114,Puebla,23.84,13.72,894
1586,21,115,Quecholac,22.06,12.27,367
1587,21,116,Quimixtlán,22.2,12.53,538
1588,21,117,Rafael Lara Grajales,23.96,10.72,414
1589,21,118,Los Reyes de Juárez,23.44,12.82,120
1590,21,119,San Andrés Cholula,22.45,12.76,977
1591,21,120,San Antonio Cañada,25.93,12.5,234
1592,21,121,San Diego la Mesa Tochimiltzingo,26.99,15.92,513
1593,21,122,San Felipe Teotlalcingo,17.9,6.3,958
1594,21,123,San Felipe Tepatlán,20.61,13.01,579
1595,21,124,San Gabriel Chilac,28.58,14.3,919
1596,21,125,San Gregorio Atzompa,21.15,11.8,435
1597,21,126,San Jerónimo Tecuanipan,19.52,10.47,902
1598,21,127,San Jerónimo Xayacatlán,30.4,15.93,264
1599,21,128,San José Chiapa,24.08,10.95,726
1600,21,129,San José Miahuatlán,29.12,14.71,203
1601,21,130,San Juan Atenco,21.36,11.13,230
1602,21,131,San Juan Atzompa,27.59,16.03,307
1603,21,132,San Martín Texmelucan,20.05,8.11,323
1604,21,133,San Martín Totoltepec,28.52,17.09,339
1605,21,134,San Matías Tlalancaleca,19.95,7.3,209
1606,21,135,San Miguel Ixitlán,28.84,13.89,62
1607,21,136,San Miguel Xoxtla,22.56,11.47,928
1608,21,137,San Nicolás Buenos Aires,22.62,11.33,980
1609,21,138,San Nicolás de los Ranchos,13.87,5.48,870
1610,21,139,San Pablo Anicano,31.51,17.49,698
1611,21,140,San Pedro Cholula,20.5,10.81,202
1612,21,141,San Pedro Yeloixtlahuaca,31.28,16.86,137
1613,21,142,San Salvador el Seco,22.6,11.42,827
1614,21,143,San Salvador el Verde,16.63,5.82,442
1615,21,144,San Salvador Huixcolotla,23.71,12.85,443
1616,21,145,San Sebastián Tlacotepec,29.06,17.57,625
1617,21,146,Santa Catarina Tlaltempan,28.19,16.62,482
1618,21,147,Santa Inés Ahuatempan,30.0,16.88,842
1619,21,148,Santa Isabel Cholula,19.52,10.47,652
1620,21,149,Santiago Miahuatlán,25.58,12.75,112
1621,21,150,Huehuetlán el Grande,27.67,16.31,70
1622,21,151,Santo Tomás Hueyotlipan,24.29,13.73,310
1623,21,152,Soltepec,23.39,11.52,745
1624,21,153,Tecali de Herrera,24.98,14.47,431
1625,21,154,Tecamachalco,24.17,13.48,266
1626,21,155,Tecomatlán,31.6,17.93,698
1627,21,156,Tehuacán,26.59,13.12,363
1628,21,157,Tehuitzingo,31.39,18.37,70
1629,21,158,Tenampulco,22.25,16.02,412
1630,21,159,Teopantlán,27.69,16.47,727
1631,21,160,Teotlalco,30.51,17.23,68
1632,21,161,Tepanco de López,25.6,13.04,455
1633,21,162,Tepango de Rodríguez,20.05,11.14,741
1634,21,163,Tepatlaxco de Hidalgo,19.63,10.16,99
1635,21,164,Tepeaca,22.65,12.5,939
1636,21,165,Tepemaxalco,26.13,14.82,838
1637,21,166,Tepeojuma,26.71,15.61,503
1638,21,167,Tepetzintla,23.1,14.775,942
1639,21,168,Tepexco,27.24,15.59,602
1640,21,169,Tepexi de Rodríguez,28.4,15.38,596
1641,21,170,Tepeyahualco,22.53,10.65,836
1642,21,171,Tepeyahualco de Cuauhtémoc,25.79,14.44,516
1643,21,172,Tetela de Ocampo,21.15,9.54,784
1644,21,173,Teteles de Avila Castillo,19.04,9.71,81
1645,21,174,Teziutlán,19.15,10.98,620
1646,21,175,Tianguismanalco,16.99,8.38,881
1647,21,176,Tilapa,28.19,16.31,962
1648,21,177,Tlacotepec de Benito Juárez,25.39,13.35,334
1649,21,178,Tlacuilotepec,21.95,15.24,488
1650,21,179,Tlachichuca,19.92,10.53,172
1651,21,180,Tlahuapan,18.71,6.59,177
1652,21,181,Tlaltenango,20.7,10.17,297
1653,21,182,Tlanepantla,25.33,14.4,43
1654,21,183,Tlaola,21.04,12.98,275
1655,21,184,Tlapacoya,20.84,13.45,754
1656,21,185,Tlapanalá,26.24,15.07,698
1657,21,186,Tlatlauquitepec,19.52,9.98,257
1658,21,187,Tlaxco,23.155,12.135,131
1659,21,188,Tochimilco,17.98,9.46,336
1660,21,189,Tochtepec,25.2,13.96,562
1661,21,190,Totoltepec de Guerrero,29.8,15.06,662
1662,21,191,Tulcingo,31.52,17.4,334
1663,21,192,Tuzamapan de Galeana,21.21,14.51,547
1664,21,193,Tzicatlacoyan,26.7,15.49,174
1665,21,194,Venustiano Carranza,26.675,17.0825,955
1666,21,195,Vicente Guerrero,24.56,8.975,77
1667,21,196,Xayacatlán de Bravo,30.8,16.3,514
1668,21,197,Xicotepec,21.7,15.26,297
1669,21,198,Xicotlán,32.02,17.63,382
1670,21,199,Xiutetelco,19.28,9.77,939
1671,21,200,Xochiapulco,20.0,9.41,780
1672,21,201,Xochiltepec,28.52,17.09,143
1673,21,202,Xochitlán de Vicente Suárez,20.13,10.46,81
1674,21,203,Xochitlán Todos Santos,26.03,13.89,983
1675,21,204,Yaonáhuac,19.36,10.39,347
1676,21,205,Yehualtepec,24.8,13.6,800
1677,21,206,Zacapala,28.4,16.57,840
1678,21,207,Zacapoaxtla,19.67,9.71,898
1679,21,208,Zacatlán,21.73,9.89,898
1680,21,209,Zapotitlán,27.74,13.48,474
1681,21,210,Zapotitlán de Méndez,20.2,11.36,535
1682,21,211,Zaragoza,25.9075,13.5325,983
1683,21,212,Zautla,21.54,9.16,975
1684,21,213,Zihuateutla,22.13,17.02,433
1685,21,214,Zinacatepec,28.15,14.46,754
1686,21,215,Zongozotla,20.19,10.69,346
1687,21,216,Zoquiapan,20.62,12.78,63
1688,21,217,Zoquitlán,26.63,14.52,178
1689,22,1,Amealco de Bonfil,24.1,10.12,625
1690,22,2,Pinal de Amoles,26.17,12.98,69
1691,22,3,Arroyo Seco,24.92,12.98,247
1692,22,4,Cadereyta de Montes,27.16,12.17,302
1693,22,5,Colón,26.13,11.3,811
1694,22,6,Corregidora,26.92,12.01,51
1695,22,7,Ezequiel Montes,27.66,12.22,828
1696,22,8,Huimilpan,25.26,10.73,802
1697,22,9,Jalpan de Serra,26.34,12.91,64
1698,22,10,Landa de Matamoros,26.09,12.93,306
1699,22,11,El Marqués,24.73,11.12,566
1700,22,12,Pedro Escobedo,26.2,11.36,560
1701,22,13,Peñamiller,25.43,10.84,377
1702,22,14,Querétaro,25.28,11.59,739
1703,22,15,San Joaquín,26.62,12.93,272
1704,22,17,Tequisquiapan,27.57,12.28,632
1705,22,18,Tolimán,24.06,10.15,426
1706,23,1,Cozumel,30.18,22.78,331
1707,23,2,Felipe Carrillo Puerto,33.98,19.31,778
1708,23,3,Isla Mujeres,31.64,22.98,802
1709,23,4,Othón P. Blanco,32.05,21.46,763
1710,23,6,José María Morelos,34.72,19.92,548
1711,23,8,Solidaridad,32.87,17.33,900
1712,23,9,Tulum,33.4,17.54,346
1713,23,10,Bacalar,34.32,20.46,587
1714,23,11,Puerto Morelos,31.96,19.55,971
1715,24,1,Ahualulco,27.92,8.8,466
1716,24,2,Alaquines,26.64,16.62,453
1717,24,3,Aquismón,25.83,15.98,885
1718,24,4,Armadillo de los Infante,28.69,11.22,160
1719,24,5,Cárdenas,29.475,19.6,321
1720,24,6,Catorce,26.45,9.62,725
1721,24,7,Cedral,26.8,10.4,338
1722,24,8,Cerritos,28.55,14.12,66
1723,24,9,Cerro de San Pedro,29.22,9.61,234
1724,24,10,Ciudad del Maíz,27.02,16.47,335
1725,24,11,Ciudad Fernández,29.34,14.13,367
1726,24,12,Tancanhuitz,25.46,16.6,830
1727,24,13,Ciudad Valles,27.39,18.67,452
1728,24,15,Charcas,26.05,8.99,666
1729,24,16,Ebano,28.72,20.28,735
1730,24,17,Guadalcázar,27.65,13.72,922
1731,24,18,Huehuetlán,23.78,15.08,172
1732,24,19,Lagunillas,23.98,12.645,942
1733,24,20,Matehuala,27.02,11.42,920
1734,24,21,Mexquitic de Carmona,28.26,9.32,619
1735,24,22,Moctezuma,26.7,9.715,354
1736,24,24,Rioverde,29.02,15.33,122
1737,24,25,Salinas,26.89,9.06,177
1738,24,26,San Antonio,26.55,18.08,481
1739,24,27,San Ciro de Acosta,26.05,13.64,773
1740,24,28,San Luis Potosí,29.0,9.58,237
1741,24,29,San Martín Chalchicuautla,26.66,18.79,494
1742,24,30,San Nicolás Tolentino,28.49,12.45,482
1743,24,32,Santa María del Río,28.07,11.28,453
1744,24,33,Santo Domingo,26.24,8.95,359
1745,24,34,San Vicente Tancuayalab,27.74,19.47,750
1746,24,35,Soledad de Graciano Sánchez,29.26,9.61,989
1747,24,36,Tamasopo,26.29,16.82,720
1748,24,37,Tamazunchale,24.98,16.1,840
1749,24,38,Tampacán,26.48,17.96,74
1750,24,39,Tampamolón Corona,26.76,18.44,29
1751,24,40,Tamuín,28.41,19.8,178
1752,24,41,Tanlajás,26.97,18.35,125
1753,24,42,Tanquián de Escobedo,27.16,19.05,581
1754,24,43,Tierra Nueva,26.86,11.15,526
1755,24,44,Vanegas,26.79,9.9,262
1756,24,45,Venado,27.4,9.81,996
1757,24,46,Villa de Arriaga,26.95,9.56,545
1758,24,47,Villa de Guadalupe,27.59,11.66,89
1759,24,48,Villa de la Paz,26.81,10.24,997
1760,24,49,Villa de Ramos,27.17,9.52,634
1761,24,50,Villa de Reyes,28.79,10.09,503
1762,24,52,Villa Juárez,29.01,15.13,517
1763,24,53,Axtla de Terrazas,24.92,16.23,473
1764,24,54,Xilitla,23.47,13.77,61
1765,24,56,Villa de Arista,29.01,11.23,848
1766,24,57,Matlapa,25.02,15.87,289
1767,24,58,El Naranjo,26.07,18.11,418
1768,25,1,Ahome,29.78,19.76,552
1769,25,2,Angostura,28.73,19.44,430
1770,25,3,Badiraguato,28.08,12.61,846
1771,25,4,Concordia,28.69,14.97,293
1772,25,5,Cosalá,30.31,15.44,526
1773,25,6,Culiacán,30.45,17.41,27
1774,25,7,Choix,31.75,16.57,729
1775,25,8,Elota,29.06,18.06,31
1776,25,9,Escuinapa,30.32,17.73,510
1777,25,10,El Fuerte,32.72,18.85,30
1778,25,11,Guasave,31.27,19.13,10
1779,25,12,Mazatlán,29.1,17.11,732
1780,25,13,Mocorito,31.4,16.65,799
1781,25,14,Rosario,27.066666666666663,10.99,681
1782,25,15,Salvador Alvarado,32.28,17.63,239
1783,25,16,San Ignacio,28.44,14.59,355
1784,25,17,Sinaloa,31.2,16.61,309
1785,25,18,Navolato,29.03,18.79,616
1786,26,1,Aconchi,25.5,9.99,959
1787,26,2,Agua Prieta,22.08,8.47,106
1788,26,3,Alamos,30.22,14.81,350
1789,26,4,Altar,26.62,12.84,285
1790,26,5,Arivechi,25.63,7.01,842
1791,26,6,Arizpe,23.84,8.69,126
1792,26,7,Atil,26.76,12.94,446
1793,26,8,Bacadéhuachi,23.25,7.43,689
1794,26,9,Bacanora,27.54,8.56,498
1795,26,10,Bacerac,20.84,5.28,52
1796,26,11,Bacoachi,22.6,8.24,959
1797,26,12,Bácum,30.15,14.75,707
1798,26,13,Banámichi,24.98,9.37,959
1799,26,14,Baviácora,25.67,10.29,270
1800,26,15,Bavispe,22.47,7.11,829
1801,26,16,Benjamín Hill,27.06,12.46,52
1802,26,17,Caborca,28.49,14.22,349
1803,26,18,Cajeme,30.38,13.67,702
1804,26,19,Cananea,21.53,7.92,732
1805,26,20,Carbó,27.36,12.85,332
1806,26,21,La Colorada,29.5,12.59,53
1807,26,22,Cucurpe,24.28,10.14,322
1808,26,23,Cumpas,24.07,8.47,95
1809,26,24,Divisaderos,25.39,9.3,269
1810,26,25,Empalme,30.17,15.26,458
1811,26,26,Etchojoa,30.31,16.99,310
1812,26,27,Fronteras,22.77,8.3,22
1813,26,28,Granados,24.76,9.04,997
1814,26,29,Guaymas,29.56,14.76,330
1815,26,30,Hermosillo,29.24,13.92,983
1816,26,31,Huachinera,21.14,5.04,499
1817,26,32,Huásabas,24.03,8.57,809
1818,26,33,Huatabampo,28.7,19.01,301
1819,26,34,Huépac,25.21,9.51,476
1820,26,35,Imuris,23.22,9.95,373
1821,26,39,Naco,21.88,8.42,202
1822,26,40,Nácori Chico,22.52,5.95,730
1823,26,41,Nacozari de García,20.63,9.79,739
1824,26,42,Navojoa,30.43,16.02,38
1825,26,43,Nogales,21.58,11.56,550
1826,26,44,Onavas,29.3,9.76,703
1827,26,45,Opodepe,26.02,11.63,27
1828,26,46,Oquitoa,27.33,12.9,21
1829,26,47,Pitiquito,27.46,12.91,54
1830,26,48,Puerto Peñasco,29.72,15.68,327
1831,26,49,Quiriego,29.78,12.16,757
1832,26,52,Sahuaripa,25.14,6.94,239
1833,26,53,San Felipe de Jesús,25.54,10.0,381
1834,26,54,San Javier,29.38,9.38,615
1835,26,55,San Luis Río Colorado,29.37,15.94,582
1836,26,56,San Miguel de Horcasitas,28.98,13.3,713
1837,26,57,San Pedro de la Cueva,27.14,9.14,830
1838,26,59,Santa Cruz,18.69,8.18,655
1839,26,60,Sáric,24.6,12.07,565
1840,26,61,Soyopa,28.27,9.11,513
1841,26,62,Suaqui Grande,29.51,10.98,942
1842,26,63,Tepache,26.13,9.41,936
1843,26,64,Trincheras,27.37,12.08,273
1844,26,65,Tubutama,25.79,12.47,886
1845,26,66,Ures,28.15,12.12,127
1846,26,68,Villa Pesqueira,27.28,10.16,121
1847,26,69,Yécora,23.87,5.95,904
1848,26,70,General Plutarco Elías Calles,29.02,14.53,869
1849,26,72,San Ignacio Río Muerto,29.28,18.05,849
1850,27,1,Balancán,31.59,25.13,914
1851,27,3,Centla,32.75,22.71,776
1852,27,4,Centro,31.53,23.0,359
1853,27,5,Comalcalco,29.91,22.71,442
1854,27,6,Cunduacán,30.39,22.95,261
1855,27,7,Emiliano Zapata,27.671666666666667,16.425,127
1856,27,8,Huimanguillo,30.62,23.1,597
1857,27,9,Jalapa,30.42,22.43,337
1858,27,10,Jalpa de Méndez,30.01,22.58,602
1859,27,11,Jonuta,32.26,23.17,965
1860,27,12,Macuspana,31.25,22.51,14
1861,27,13,Nacajuca,30.83,22.52,204
1862,27,14,Paraíso,29.31,23.51,411
1863,27,15,Tacotalpa,29.18,20.27,533
1864,27,16,Teapa,29.45,21.95,34
1865,27,17,Tenosique,30.98,23.82,110
1866,28,3,Altamira,27.52,20.65,632
1867,28,4,Antiguo Morelos,28.28,19.46,799
1868,28,5,Burgos,27.73,17.51,98
1869,28,6,Bustamante,24.9,13.255,973
1870,28,7,Camargo,26.135,13.405,156
1871,28,8,Casas,28.58,15.67,769
1872,28,9,Ciudad Madero,26.0,21.1,225
1873,28,10,Cruillas,27.34,18.18,741
1874,28,11,Gómez Farías,23.183333333333334,11.733333333333334,646
1875,28,12,González,28.77,20.39,787
1876,28,13,Güémez,28.54,16.61,648
1877,28,14,Guerrero,25.746666666666663,11.493333333333334,232
1878,28,15,Gustavo Díaz Ordaz,28.65,17.47,824
1879,28,17,Jaumave,24.2,12.24,758
1880,28,18,Jiménez,26.0075,14.175,619
1881,28,19,Llera,27.58,18.26,517
1882,28,20,Mainero,26.51,13.86,135
1883,28,21,El Mante,28.94,20.15,655
1884,28,22,Matamoros,25.2,12.803333333333333,31
1885,28,23,Méndez,28.32,19.38,948
1886,28,24,Mier,28.42,17.44,226
1887,28,25,Miguel Alemán,28.69,17.89,822
1888,28,26,Miquihuana,22.59,9.18,38
1889,28,27,Nuevo Laredo,28.31,15.02,767
1890,28,28,Nuevo Morelos,27.34,19.16,607
1891,28,29,Ocampo,22.72666666666667,9.378333333333334,805
1892,28,30,Padilla,29.34,17.81,507
1893,28,31,Palmillas,24.2,12.11,393
1894,28,32,Reynosa,28.41,17.58,819
1895,28,33,Río Bravo,28.59,17.87,491
1896,28,34,San Carlos,26.61,16.51,478
1897,28,37,Soto la Marina,26.67,20.08,438
1898,28,38,Tampico,26.71,20.87,591
1899,28,39,Tula,25.02,14.54,702
1900,28,40,Valle Hermoso,28.36,17.92,78
1901,28,41,Victoria,25.345,12.945,545
1902,28,42,Villagrán,28.72,13.795,818
1903,28,43,Xicoténcatl,28.67,19.83,972
1904,29,1,Amaxac de Guerrero,24.61,10.72,616
1905,29,2,Apetatitlán de Antonio Carvajal,25.49,11.31,595
1906,29,3,Atlangatepec,24.62,9.34,931
1907,29,4,Atltzayanca,24.83,9.69,60
1908,29,5,Apizaco,24.6,9.98,746
1909,29,6,Calpulalpan,22.94,8.79,180
1910,29,7,El Carmen Tequexquitla,24.23,10.82,756
1911,29,8,Cuapiaxtla,24.55,10.32,397
1912,29,9,Cuaxomulco,23.92,10.13,529
1913,29,10,Chiautempan,23.97,10.94,463
1914,29,11,Muñoz de Domingo Arenas,25.0,9.75,613
1915,29,12,Españita,22.71,8.67,514
1916,29,13,Huamantla,23.2,9.37,619
1917,29,14,Hueyotlipan,25.03,9.97,411
1918,29,15,Ixtacuixtla de Mariano Matamoros,22.54,9.27,166
1919,29,16,Ixtenco,22.17,9.81,567
1920,29,17,Mazatecochco de José María Morelos,22.9,11.7,803
1921,29,18,Contla de Juan Cuamatzi,24.61,10.72,550
1922,29,19,Tepetitla de Lardizábal,21.51,8.87,936
1923,29,20,Sanctórum de Lázaro Cárdenas,23.32,8.46,474
1924,29,21,Nanacamilpa de Mariano Arista,21.44,7.89,476
1925,29,22,Acuamanala de Miguel Hidalgo,24.1,12.23,512
1926,29,23,Natívitas,22.22,9.94,368
1927,29,24,Panotla,24.98,11.09,958
1928,29,25,San Pablo del Monte,22.86,12.27,657
1929,29,26,Santa Cruz Tlaxcala,24.61,10.72,90
1930,29,27,Tenancingo,22.255000000000003,12.305,495
1931,29,28,Teolocholco,22.29,10.89,812
1932,29,29,Tepeyanco,25.3,11.8,594
1933,29,30,Terrenate,24.28,8.79,141
1934,29,31,Tetla de la Solidaridad,24.17,9.11,82
1935,29,32,Tetlatlahuca,23.57,11.16,847
1936,29,33,Tlaxcala,25.83,11.89,240
1937,29,35,Tocatlán,23.74,9.01,271
1938,29,36,Totolac,25.97,11.6,506
1939,29,37,Ziltlaltépec de Trinidad Sánchez Santos,21.66,10.23,855
1940,29,38,Tzompantepec,24.22,9.74,797
1941,29,39,Xaloztoc,23.75,9.28,110
1942,29,40,Xaltocan,25.43,10.55,238
1943,29,41,Papalotla de Xicohténcatl,24.1,12.23,470
1944,29,42,Xicohtzinco,24.33,12.07,39
1945,29,43,Yauhquemehcan,25.23,10.75,90
1946,29,44,Zacatelco,24.33,12.07,904
1947,29,47,Lázaro Cárdenas,28.96333333333333,17.493333333333332,929
1948,29,48,La Magdalena Tlaltelulco,25.16,11.66,35
1949,29,49,San Damián Texóloc,24.75,11.08,353
1950,29,50,San Francisco Tetlanohcan,21.39,9.91,847
1951,29,51,San Jerónimo Zacualpan,25.3,11.8,488
1952,29,52,San José Teacalco,22.63,9.51,599
1953,29,53,San Juan Huactzinco,25.3,11.8,367
1954,29,54,San Lorenzo Axocomanitla,25.3,11.8,572
1955,29,55,San Lucas Tecopilco,25.8,9.9,127
1956,29,56,Santa Ana Nopalucan,23.0,9.97,910
1957,29,57,Santa Apolonia Teacalco,23.97,11.08,938
1958,29,58,Santa Catarina Ayometla,24.1,12.23,40
1959,29,59,Santa Cruz Quilehtla,24.1,12.23,956
1960,29,60,Santa Isabel Xiloxoxtla,24.59,11.96,935
1961,30,2,Acatlán,25.92333333333333,13.763333333333334,369
1962,30,3,Acayucan,28.84,21.17,908
1963,30,4,Actopan,25.905,14.685,42
1964,30,5,Acula,28.87,22.6,800
1965,30,6,Acultzingo,23.22,12.3,425
1966,30,7,Camarón de Tejeda,31.43,20.67,98
1967,30,8,Alpatláhuac,21.8,12.47,137
1968,30,9,Alto Lucero de Gutiérrez Barrios,27.64,18.51,558
1969,30,10,Altotonga,20.01,11.69,594
1970,30,11,Alvarado,27.67,23.02,449
1971,30,12,Amatitlán,28.69,22.1,515
1972,30,13,Naranjos Amatlán,25.84,19.64,321
1973,30,14,Amatlán de los Reyes,29.22,18.55,821
1974,30,15,Angel R. Cabada,26.59,21.64,682
1975,30,16,La Antigua,28.94,21.37,899
1976,30,17,Apazapan,28.71,18.24,151
1977,30,18,Aquila,25.4,16.794999999999998,262
1978,30,19,Astacinga,24.32,13.2,699
1979,30,20,Atlahuilco,25.13,13.96,401
1980,30,21,Atoyac,28.525,15.975,803
1981,30,22,Atzacan,25.07,14.51,901
1982,30,23,Atzalan,21.56,13.68,787
1983,30,24,Tlaltetela,27.13,16.96,279
1984,30,25,Ayahualulco,21.24,11.04,737
1985,30,26,Banderilla,21.94,12.87,762
1986,30,28,Boca del Río,27.92,22.77,35
1987,30,29,Calcahualco,20.62,11.67,841
1988,30,30,Camerino Z. Mendoza,23.4,13.17,421
1989,30,31,Carrillo Puerto,31.48,21.47,31
1990,30,32,Catemaco,26.94,20.46,80
1991,30,33,Cazones de Herrera,24.0,19.39,654
1992,30,34,Cerro Azul,25.53,19.46,205
1993,30,35,Citlaltépetl,26.25,19.51,368
1994,30,36,Coacoatzintla,21.86,12.9,256
1995,30,37,Coahuitlán,22.16,17.21,24
1996,30,39,Coatzacoalcos,29.04,22.36,868
1997,30,40,Coatzintla,22.94,18.12,782
1998,30,41,Coetzala,28.92,18.17,862
1999,30,42,Colipa,25.14,17.72,330
2000,30,43,Comapa,29.97,19.26,809
2001,30,44,Córdoba,28.04,16.83,203
2002,30,45,Cosamaloapan de Carpio,29.54,22.04,238
2003,30,46,Cosautlán de Carvajal,23.95,14.36,597
2004,30,47,Coscomatepec,23.75,13.71,832
2005,30,48,Cosoleacaque,29.7,21.52,623
2006,30,49,Cotaxtla,31.23,21.79,884
2007,30,50,Coxquihui,23.01,17.64,71
2008,30,51,Coyutla,22.47,17.69,243
2009,30,52,Cuichapa,30.3,20.4,969
2010,30,53,Cuitláhuac,31.15,21.22,89
2011,30,54,Chacaltianguis,29.26,22.01,460
2012,30,55,Chalma,26.86,19.47,674
2013,30,56,Chiconamel,26.81,19.22,585
2014,30,57,Chiconquiaco,24.26,15.08,597
2015,30,58,Chicontepec,25.4,19.04,851
2016,30,59,Chinameca,29.57,21.46,686
2017,30,60,Chinampa de Gorostiza,25.95,19.79,947
2018,30,61,Las Choapas,30.03,22.37,547
2019,30,62,Chocamán,26.19,14.87,409
2020,30,63,Chontla,26.55,19.54,941
2021,30,64,Chumatlán,21.75,16.11,304
2022,30,66,Espinal,22.93,17.42,559
2023,30,67,Filomeno Mata,21.44,15.74,321
2024,30,68,Fortín,27.38,16.11,903
2025,30,69,Gutiérrez Zamora,24.72,19.73,655
2026,30,70,Hidalgotitlán,30.19,22.41,489
2027,30,71,Huatusco,25.68,15.33,384
2028,30,72,Huayacocotla,21.22,11.62,178
2029,30,73,Hueyapan de Ocampo,27.89,20.62,157
2030,30,74,Huiloapan de Cuauhtémoc,24.47,13.82,465
2031,30,75,Ignacio de la Llave,29.05,22.22,105
2032,30,76,Ilamatlán,21.64,15.52,377
2033,30,77,Isla,28.99,21.61,727
2034,30,78,Ixcatepec,26.26,19.2,272
2035,30,79,Ixhuacán de los Reyes,22.18,12.51,154
2036,30,80,Ixhuatlán del Café,27.62,16.41,874
2037,30,81,Ixhuatlancillo,22.26,12.91,525
2038,30,82,Ixhuatlán del Sureste,29.74,21.21,378
2039,30,83,Ixhuatlán de Madero,23.52,18.56,998
2040,30,84,Ixmatlahuacan,29.38,22.24,767
2041,30,85,Ixtaczoquitlán,26.94,15.69,547
2042,30,86,Jalacingo,18.84,10.74,510
2043,30,87,Xalapa,23.27,14.03,914
2044,30,88,Jalcomulco,27.65,17.43,559
2045,30,89,Jáltipan,29.78,21.59,148
2046,30,90,Jamapa,30.48,21.54,710
2047,30,91,Jesús Carranza,29.85,22.11,44
2048,30,92,Xico,21.62,12.31,736
2049,30,93,Jilotepec,23.87,12.005,621
2050,30,94,Juan Rodríguez Clara,28.87,21.45,180
2051,30,95,Juchique de Ferrer,25.96,17.67,644
2052,30,96,Landero y Coss,23.1,13.91,793
2053,30,97,Lerdo de Tejada,27.01,22.71,690
2054,30,98,Magdalena,27.540000000000003,13.513333333333334,199
2055,30,99,Maltrata,21.35,12.07,488
2056,30,100,Manlio Fabio Altamirano,30.39,21.08,490
2057,30,101,Mariano Escobedo,22.53,13.18,307
2058,30,102,Martínez de la Torre,24.4,17.51,447
2059,30,103,Mecatlán,21.52,15.97,70
2060,30,104,Mecayapan,28.26,21.44,364
2061,30,105,Medellín de Bravo,29.5,21.88,97
2062,30,106,Miahuatlán,23.44,14.12,527
2063,30,107,Las Minas,19.43,10.79,985
2064,30,108,Minatitlán,28.55,18.775,777
2065,30,109,Misantla,24.29,16.34,388
2066,30,110,Mixtla de Altamirano,26.2,15.47,723
2067,30,111,Moloacán,29.73,21.35,149
2068,30,112,Naolinco,23.84,14.52,933
2069,30,113,Naranjal,28.28,17.18,985
2070,30,114,Nautla,25.44,19.09,64
2071,30,116,Oluta,29.48,21.52,692
2072,30,117,Omealca,30.83,20.64,958
2073,30,118,Orizaba,25.11,14.46,883
2074,30,119,Otatitlán,29.67,21.84,451
2075,30,120,Oteapan,29.9,21.31,263
2076,30,121,Ozuluama de Mascareñas,26.79,19.75,736
2077,30,122,Pajapan,28.82,21.82,26
2078,30,123,Pánuco,27.39,14.39,150
2079,30,124,Papantla,23.78,18.39,935
2080,30,125,Paso del Macho,30.84,20.37,816
2081,30,126,Paso de Ovejas,30.19,20.57,222
2082,30,127,La Perla,20.26,11.72,217
2083,30,128,Perote,20.64,10.18,613
2084,30,129,Platón Sánchez,27.12,19.54,224
2085,30,130,Playa Vicente,29.22,21.17,63
2086,30,131,Poza Rica de Hidalgo,23.04,18.3,887
2087,30,132,Las Vigas de Ramírez,19.95,11.04,425
2088,30,133,Pueblo Viejo,26.38,20.37,811
2089,30,134,Puente Nacional,30.18,19.68,970
2090,30,135,Rafael Delgado,26.61,15.23,753
2091,30,136,Rafael Lucio,20.86,11.99,124
2092,30,137,Los Reyes,26.0,14.355,803
2093,30,138,Río Blanco,23.72,13.64,185
2094,30,139,Saltabarranca,27.39,21.75,480
2095,30,140,San Andrés Tenejapan,25.63,14.42,23
2096,30,141,San Andrés Tuxtla,26.67,20.93,197
2097,30,142,San Juan Evangelista,29.17,21.58,750
2098,30,143,Santiago Tuxtla,27.38,20.94,449
2099,30,144,Sayula de Alemán,29.39,21.7,328
2100,30,145,Soconusco,29.58,21.32,402
2101,30,146,Sochiapa,26.38,16.11,496
2102,30,147,Soledad Atzompa,24.41,13.32,54
2103,30,148,Soledad de Doblado,31.29,21.04,967
2104,30,149,Soteapan,27.82,20.63,873
2105,30,150,Tamalín,25.92,20.22,279
2106,30,151,Tamiahua,25.66,20.54,563
2107,30,152,Tampico Alto,26.16,20.12,427
2108,30,153,Tancoco,25.68,19.34,138
2109,30,154,Tantima,26.28,19.75,314
2110,30,155,Tantoyuca,27.07,19.62,191
2111,30,156,Tatatila,20.29,11.53,989
2112,30,157,Castillo de Teayo,23.53,18.68,274
2113,30,158,Tecolutla,25.37,20.16,648
2114,30,159,Tehuipango,24.41,13.76,963
2115,30,160,Álamo Temapache,24.96,19.51,495
2116,30,161,Tempoal,27.25,19.43,994
2117,30,162,Tenampa,27.12,16.99,864
2118,30,163,Tenochtitlán,22.57,13.78,838
2119,30,164,Teocelo,25.07,15.34,209
2120,30,165,Tepatlaxco,28.65,17.73,877
2121,30,166,Tepetlán,25.12,15.63,225
2122,30,168,Tequila,28.385,13.95,495
2123,30,169,José Azueta,29.09,21.78,949
2124,30,170,Texcatepec,21.5,14.84,177
2125,30,171,Texhuacán,24.68,13.88,268
2126,30,172,Texistepec,29.73,21.76,854
2127,30,173,Tezonapa,30.74,19.91,83
2128,30,174,Tierra Blanca,26.74,15.975,211
2129,30,175,Tihuatlán,23.47,18.58,37
2130,30,176,Tlacojalpan,29.47,21.98,62
2131,30,177,Tlacolulan,21.1,12.18,214
2132,30,178,Tlacotalpan,28.02,22.15,520
2133,30,179,Tlacotepec de Mejía,29.02,18.37,954
2134,30,180,Tlachichilco,22.33,16.72,613
2135,30,181,Tlalixcoyan,29.96,21.92,393
2136,30,182,Tlalnelhuayocan,20.78,11.9,814
2137,30,183,Tlapacoyan,22.46,15.23,670
2138,30,184,Tlaquilpa,24.63,13.5,335
2139,30,185,Tlilapan,25.54,14.58,644
2140,30,186,Tomatlán,27.93,18.1,281
2141,30,187,Tonayán,22.53,13.42,497
2142,30,188,Totutla,26.77,16.56,143
2143,30,189,Tuxpan,24.83,15.6325,957
2144,30,190,Tuxtilla,29.32,21.99,40
2145,30,191,Ursulo Galván,28.84,21.13,229
2146,30,192,Vega de Alatorre,25.85,19.86,263
2147,30,193,Veracruz,28.71,21.91,290
2148,30,194,Villa Aldama,19.19,10.3,512
2149,30,195,Xoxocotla,24.66,13.24,405
2150,30,196,Yanga,30.1,20.01,331
2151,30,197,Yecuatla,24.38,15.88,922
2152,30,198,Zacualpan,20.205,12.63,839
2153,30,200,Zentla,29.78,19.04,559
2154,30,201,Zongolica,28.03,17.11,737
2155,30,202,Zontecomatlán de López y Fuentes,22.57,16.98,639
2156,30,203,Zozocolco de Hidalgo,21.3,14.98,788
2157,30,204,Agua Dulce,29.7,22.04,814
2158,30,205,El Higo,27.62,19.63,913
2159,30,206,Nanchital de Lázaro Cárdenas del Río,29.63,21.11,179
2160,30,207,Tres Valles,30.03,22.06,258
2161,30,208,Carlos A. Carrillo,29.0,22.04,256
2162,30,209,Tatahuicapan de Juárez,28.5,21.8,683
2163,30,210,Uxpanapa,30.79,22.29,270
2164,30,211,San Rafael,25.56,19.31,208
2165,30,212,Santiago Sochiapan,29.25,20.7,306
2166,31,1,Abalá,34.37,19.74,660
2167,31,2,Acanceh,34.8,19.51,159
2168,31,3,Akil,33.99,19.42,809
2169,31,4,Baca,33.79,19.5,785
2170,31,5,Bokobá,35.06,19.22,647
2171,31,6,Buctzotz,34.99,18.74,494
2172,31,7,Cacalchén,35.2,19.36,420
2173,31,8,Calotmul,35.2,18.22,954
2174,31,9,Cansahcab,33.78,19.16,953
2175,31,10,Cantamayec,34.58,19.13,444
2176,31,11,Celestún,31.91,21.28,702
2177,31,12,Cenotillo,35.69,18.53,487
2178,31,13,Conkal,33.92,19.69,892
2179,31,14,Cuncunul,35.98,18.78,166
2180,31,15,Cuzamá,34.73,19.5,700
2181,31,16,Chacsinkín,34.65,19.29,823
2182,31,17,Chankom,35.74,18.83,208
2183,31,18,Chapab,34.17,19.53,480
2184,31,19,Chemax,35.44,18.09,281
2185,31,20,Chicxulub Pueblo,33.09,19.91,60
2186,31,21,Chichimilá,35.97,18.37,845
2187,31,22,Chikindzonot,35.62,18.91,525
2188,31,23,Chocholá,34.6,19.99,471
2189,31,24,Chumayel,34.19,19.28,642
2190,31,25,Dzán,34.05,19.49,121
2191,31,26,Dzemul,32.8,19.76,248
2192,31,27,Dzidzantún,32.71,19.95,139
2193,31,28,Dzilam de Bravo,31.44,20.51,746
2194,31,29,Dzilam González,33.13,19.64,190
2195,31,30,Dzitás,35.91,18.58,528
2196,31,31,Dzoncauich,35.1,18.81,325
2197,31,32,Espita,35.71,18.46,269
2198,31,33,Halachó,33.36,20.65,439
2199,31,34,Hocabá,34.91,19.36,661
2200,31,35,Hoctún,34.86,19.18,64
2201,31,36,Homún,34.71,19.34,723
2202,31,37,Huhí,34.62,19.21,27
2203,31,38,Hunucmá,31.78,21.2,811
2204,31,39,Ixil,32.43,20.2,147
2205,31,40,Izamal,35.08,18.98,713
2206,31,41,Kanasín,34.74,19.58,728
2207,31,42,Kantunil,34.79,19.01,870
2208,31,43,Kaua,35.91,18.77,407
2209,31,44,Kinchil,33.82,20.4,863
2210,31,45,Kopomá,34.52,20.08,674
2211,31,46,Mama,34.21,19.41,441
2212,31,47,Maní,34.06,19.41,444
2213,31,48,Maxcanú,34.02,20.38,713
2214,31,49,Mayapán,34.31,19.19,80
2215,31,50,Mérida,33.92,19.92,381
2216,31,51,Mocochá,33.36,19.69,839
2217,31,52,Motul,33.88,19.35,622
2218,31,53,Muna,34.06,19.81,651
2219,31,54,Muxupip,34.7,19.38,529
2220,31,55,Opichén,34.34,19.95,181
2221,31,56,Oxkutzcab,33.63,19.65,353
2222,31,57,Panabá,33.38,19.21,718
2223,31,58,Peto,35.0,19.43,206
2224,31,59,Progreso,28.03,19.44,183
2225,31,60,Quintana Roo,35.73,18.65,977
2226,31,61,Río Lagartos,30.76,21.77,189
2227,31,62,Sacalum,34.27,19.7,399
2228,31,63,Samahil,34.37,20.07,21
2229,31,64,Sanahcat,34.88,19.37,656
2230,31,65,San Felipe,29.15,15.765,529
2231,31,66,Santa Elena,33.58,19.82,630
2232,31,67,Seyé,34.95,19.46,634
2233,31,68,Sinanché,32.52,20.09,508
2234,31,69,Sotuta,34.79,19.02,593
2235,31,70,Sucilá,35.17,18.59,627
2236,31,71,Sudzal,35.11,18.84,69
2237,31,72,Suma,34.05,19.2,845
2238,31,73,Tahdziú,34.94,19.13,712
2239,31,74,Tahmek,35.07,19.36,727
2240,31,75,Teabo,34.28,19.27,729
2241,31,76,Tecoh,34.47,19.55,685
2242,31,77,Tekal de Venegas,35.35,18.83,190
2243,31,78,Tekantó,35.0,19.16,764
2244,31,79,Tekax,33.66,19.59,845
2245,31,80,Tekit,34.35,19.3,307
2246,31,81,Tekom,35.88,18.76,633
2247,31,82,Telchac Pueblo,33.24,19.3,679
2248,31,83,Telchac Puerto,32.2,20.28,756
2249,31,84,Temax,34.63,18.93,383
2250,31,85,Temozón,35.47,18.45,350
2251,31,86,Tepakán,34.68,19.0,538
2252,31,87,Tetiz,33.46,20.38,88
2253,31,88,Teya,34.8,19.12,500
2254,31,89,Ticul,33.84,19.64,234
2255,31,90,Timucuy,34.5,19.63,650
2256,31,91,Tinum,35.91,18.68,49
2257,31,92,Tixcacalcupul,35.88,18.63,433
2258,31,93,Tixkokob,35.09,19.43,345
2259,31,94,Tixmehuac,34.61,19.3,355
2260,31,95,Tixpéhual,34.97,19.49,348
2261,31,96,Tizimín,32.43,19.71,602
2262,31,97,Tunkás,35.46,18.71,778
2263,31,98,Tzucacab,34.23,19.58,998
2264,31,99,Uayma,36.01,18.62,87
2265,31,100,Ucú,33.76,20.17,341
2266,31,101,Umán,34.49,19.84,461
2267,31,102,Valladolid,35.89,18.38,883
2268,31,103,Xocchel,34.73,19.18,701
2269,31,104,Yaxcabá,35.31,18.95,374
2270,31,105,Yaxkukul,34.55,19.51,201
2271,31,106,Yobaín,32.31,20.26,171
2272,32,1,Apozol,29.64,11.79,108
2273,32,2,Apulco,28.57,10.87,942
2274,32,3,Atolinga,26.3,10.03,253
2275,32,5,Calera,25.15,7.11,594
2276,32,6,Cañitas de Felipe Pescador,26.22,7.65,260
2277,32,7,Concepción del Oro,25.52,9.57,790
2278,32,9,Chalchihuites,21.47,4.01,212
2279,32,10,Fresnillo,24.77,6.79,101
2280,32,11,Trinidad García de la Cadena,29.19,12.61,645
2281,32,12,Genaro Codina,22.0,6.66,795
2282,32,13,General Enrique Estrada,25.11,7.0,45
2283,32,14,General Francisco R. Murguía,25.97,8.2,283
2284,32,15,El Plateado de Joaquín Amaro,26.59,7.59,361
2285,32,16,General Pánfilo Natera,27.09,9.94,830
2286,32,18,Huanusco,30.05,8.95,834
2287,32,19,Jalpa,30.13,10.33,638
2288,32,20,Jerez,23.05,5.71,248
2289,32,21,Jiménez del Teul,20.32,3.2,406
2290,32,22,Juan Aldama,25.01,6.12,635
2291,32,23,Juchipila,29.12,12.2,102
2292,32,25,Luis Moya,27.35,9.66,736
2293,32,26,Mazapil,25.82,9.71,373
2294,32,28,Mezquital del Oro,29.35,13.04,798
2295,32,29,Miguel Auza,24.38,5.31,686
2296,32,30,Momax,26.26,8.26,265
2297,32,31,Monte Escobedo,24.08,5.93,922
2298,32,32,Morelos,25.038,10.442,469
2299,32,33,Moyahua de Estrada,28.85,12.83,27
2300,32,34,Nochistlán de Mejía,28.78,10.93,842
2301,32,35,Noria de Ángeles,26.71,9.85,851
2302,32,36,Ojocaliente,26.88,9.65,686
2303,32,38,Pinos,26.43,9.17,637
2304,32,39,Río Grande,25.8,7.01,743
2305,32,40,Sain Alto,24.57,6.84,284
2306,32,41,El Salvador,25.88,9.11,908
2307,32,42,Sombrerete,22.58,5.09,333
2308,32,43,Susticacán,22.18,5.25,296
2309,32,44,Tabasco,28.01,7.85,34
2310,32,45,Tepechitlán,26.88,10.51,283
2311,32,46,Tepetongo,23.72,5.37,266
2312,32,47,Teúl de González Ortega,28.19,11.92,776
2313,32,48,Tlaltenango de Sánchez Román,27.29,9.07,507
2314,32,49,Valparaíso,22.12,5.38,317
2315,32,50,Vetagrande,26.04,8.63,267
2316,32,51,Villa de Cos,26.48,8.67,183
2317,32,52,Villa García,26.61,9.75,716
2318,32,53,Villa González Ortega,26.86,9.96,314
2319,32,55,Villanueva,23.74,5.68,605
2320,32,56,Zacatecas,23.6,6.69,91
2321,32,57,Trancoso,26.61,9.58,38
2322,32,58,Santa María de la Paz,27.43,11.33,822
